-- MySQL dump 10.13  Distrib 5.7.22, for Win64 (x86_64)
--
-- Host: localhost    Database: rczp
-- ------------------------------------------------------
-- Server version	5.7.19-log

/*!40101 SET @OLD_CHARACTER_SET_CLIENT=@@CHARACTER_SET_CLIENT */;
/*!40101 SET @OLD_CHARACTER_SET_RESULTS=@@CHARACTER_SET_RESULTS */;
/*!40101 SET @OLD_COLLATION_CONNECTION=@@COLLATION_CONNECTION */;
/*!40101 SET NAMES utf8 */;
/*!40103 SET @OLD_TIME_ZONE=@@TIME_ZONE */;
/*!40103 SET TIME_ZONE='+00:00' */;
/*!40014 SET @OLD_UNIQUE_CHECKS=@@UNIQUE_CHECKS, UNIQUE_CHECKS=0 */;
/*!40014 SET @OLD_FOREIGN_KEY_CHECKS=@@FOREIGN_KEY_CHECKS, FOREIGN_KEY_CHECKS=0 */;
/*!40101 SET @OLD_SQL_MODE=@@SQL_MODE, SQL_MODE='NO_AUTO_VALUE_ON_ZERO' */;
/*!40111 SET @OLD_SQL_NOTES=@@SQL_NOTES, SQL_NOTES=0 */;

--
-- Table structure for table `admin`
--

DROP TABLE IF EXISTS `admin`;
/*!40101 SET @saved_cs_client     = @@character_set_client */;
/*!40101 SET character_set_client = utf8 */;
CREATE TABLE `admin` (
  `aid` int(11) NOT NULL AUTO_INCREMENT,
  `aname` varchar(50) DEFAULT NULL,
  `PASSWORD` varchar(20) DEFAULT NULL,
  PRIMARY KEY (`aid`)
) ENGINE=InnoDB AUTO_INCREMENT=107 DEFAULT CHARSET=utf8;
/*!40101 SET character_set_client = @saved_cs_client */;

--
-- Dumping data for table `admin`
--

LOCK TABLES `admin` WRITE;
/*!40000 ALTER TABLE `admin` DISABLE KEYS */;
INSERT INTO `admin` VALUES (1,'admin','123'),(2,'1HMNW1U4P11LSK4MTAH11G7MQQPG4R1R277JVW9W6AT1EDR0YF','6A83HQ88OSA3XO6KHRP5'),(3,'A8SWR5UODUDW0GLWQ88605D6UFMFO11P2VGGTEU1QHTLNCYU1B','17AE5U523IT493MI36UA'),(4,'admin4','I5VIN4AYVJDPXPFH743D'),(5,'T7W5XRYCGV7HDNSFCTWQUTYLJK9IEE81C01Y3FC6Q5E9OD9LXF','E4TPVOCVHMUVGWQ5D6FT'),(6,'admin6','KHUEMAPDVSJWSVV87LVL'),(7,'LTB10Y2OBGGY9VBRP3WXOY82UJKQ3W 8F4MNQG8KT7RDVBHWBB','5L37FQB78OKKTRED27OX'),(8,'5721O4BR 4C6V0P3900KRWR4LUTNMJ3JCEC69V7E7T3FRA2QSC','8'),(9,'6Y9J2CKBBNPHS2NWXLQC22JYV63 PDAFFPIJFJ9PILTX6LS94E','J4I7AEU92U3FCMTLMLP1'),(10,'AXKFPETC1O5KCV2U5I 3NR2JELM9RH0X1F1DKDOW W08QJGJ J','2OM1KHLQPM059EVT9A9C'),(11,'8S43RPIHJC0KF37I6BI37S34RX1PLY0 M9Q698WM1PPPDVJCOS','MAVXRMFD8ITQ8G7KLPJT'),(12,'40VXUJG2CCTKCE1E2GJ5KGHNVSCP7MEKM1LCL9UJ18XFTMTMIU','YS48UWGE10TQS1V0CCX8'),(13,'5Q1SQC  PTCXYSHQNQC1NNGRUT3LIYN7O2BOD9TEGRCEBMVA U','X49YAA1TC1UXM3BHJLXQ'),(14,'QCW4U929PAHJE0KK8NFDDA3H26W7RMSM51EO7NYASEUA7NNTVV','YPH5LO1MBT9JW 6UTKWS'),(15,'3VW75FN5GADK3TAJ9IC8KI9WDOXGJ78PRVXCRWNF JW0O44YVB','SFGID  L3LDF9KCY253A'),(16,' ELPYQ5XBGFWBW9FUX0DFLECUN6SK3FE4RAKERGNF0RSAY7HS7','2TAH2A3LHA4QEP1L207W'),(17,'HEC4QJFJ9YBKIDOFAU69RN0L FR3RXX GCJ7N4H REFG 2LDJN','T2AICFP8G37PM5K1XIAT'),(18,'QJDNPPOOBU4KCG4YPQ8UTJU4IKAR9UQYSAKIK  OPUDKJ 958U','0LF6TRMF5JLG1JAEK9KG'),(19,'HGLE8X4SQC7SG4UTV7KQO V39R74UO4OQTA028 OI1U35NDKAN','ORNQB2V5A9M356391LC1'),(20,'SL8RV6NPMLRQOM7OANE57G3XM29O68FOYIU0YP9NV7VDRDBEYH','YB9 CBXXLNPXHHAYPI43'),(21,'RCJYO00CI3PO9U6Y8FUW8FJM8B8CM9YAJSH1035QH1F6FU7JLV','UFHFCMES7D 88QYG31DU'),(22,'KKV3G9T3Y281PM5775960O34YSVN2L1V4 BST69K1V2DCKL1EF','69YHTS97TIX0R5JJQ1N9'),(23,'B9W1R47LOIXO43FM 4D PCY4UP54GOTBJVTCV394K 954V3LXN','2JLN J8M WWTJULW30CX'),(24,'NF5KU5M5SE 7Y6UDYJJ1ULT3M45U8UHX9D7LY6RWYSRFYL631B',' Q3DBJ PBHPFY96GERFN'),(25,' T9S53NKE1UXNUD4VIKV9CWO0OBQ4U4LYFK72T1XC7IPJVNSFY','44DCHJE7I0D1XNHEYWR1'),(26,'Q4BN8GABAVQ4ES9C1TOE107K538J8I6F8X 0OE1EY84USD574X','9S13PFM02GGQG4PAL3VB'),(27,'S6ETVVMMS8BF3M6HWDBG D LA0J9NXRYLOJQET18XGS9GXIR68','FV0P5I43Y73BYX41UAIQ'),(28,'PCIRSWG D6QSTG4SE3CF4SUOF12TMIP3ITIU1  NLK40HIWPBN','EQ53Q15T3FUUWPULMQ96'),(29,'AH2GBB C1HPPGNXFC2BSRVXHFPD0B7DO2OY1IX 3P12QXTFD M','V7M6EFGPC6FOIA99OFS0'),(30,'PYSJ265GH5 EJPJMTYQ7VN001YE6NV1AUSXDU5R9DVBBIDVAFW','2KPWANCWNRHI5K6DEU3D'),(31,' 88ETV NXEO0OUMS6KUYVB6H1NV64TA3R3 6XHK3Q4SN00A2RK','DKKWTJSE8VLALNWPET1X'),(32,'703H7QYO380BUQRGACVB2I3QJ4FOAP1911714IPRDCSEX99SN9','8X8T4U3XND Y90WXIQD9'),(33,'5XNAJ4QYABFQ4BFY9U2CQ5X34J MB8LKVNEGXKDPMATBPC8YUK','MGPMY3DJDBI198MH1P06'),(34,'RJG5DPRNEI73TGKSKCXUCU2123RO2B72CLUGGHF064YSW8SL7F','1MYF2TP6CBIYEHC6H39V'),(35,'9K3FP7OWNPOM53DRTJA3WBHLHDOM81G6PJY8GGDQ222C60 BYK',' CN7W3W27 0HXV902DKP'),(36,'IT1QH5RRGUGQHRHRPWXTQ98K72PD5IQO 3YD3LPW4WMCGWT8F1','YEO869E23SPC7UDV9JIH'),(37,'T5H1BY4SM5VPOL549NRIRYPLFKV0T5M3B4I9T8I64YE2FJYODP','6Y3S87IUMSKR5047H10T'),(38,'AK4G4IW8PRYCNPUAHBNF36WHLYNFMSQV4IVKAR5X2TO03NPDNI','PVKSOLWV67MKVI1FDNTV'),(39,'BGH9B9HYN000JCIIT3D6A81DRCBDF67SO7E7GBT2HOPVX7CSR7','85RIV26PB91VB228RUAO'),(40,'83HWYCOAQT2EO1R7J2GMO0SLV8WBRWW NM3N29YTC H1MCMA29','5SKFEYLATJKCL 42EIPS'),(41,'43CF7H5BT6STYF2UXYEBLT2CWNU7C918EW4YXWO2QU8WUGLH0V','KXY5NYR5OIWNDYU5YWR6'),(42,'8MV7MGO9NDDN2C3TITNO0ANOPF5Q17LRVHAC0FTH6SRITYH7BS','72EE64C4FFRORTD U4EN'),(43,'TR6V5BE6M81O48LDBE1 59R39OXLFL8 PBHBW2W26JEIOK47F4','QJPIT8MSFK0ADLD 6GXM'),(44,'3OPKBL1VOO1A FNW0B49E3BGRIAIQ82 6M53W864JYWKN6H8S8','53MFSXTS3LWRLDPRVXUB'),(45,'JEAJSMPLLK8VO7OQ1 E47AEVTN137PJLBMN4C92 U5W0R7NPI5','JYCE3C J460GMYL8WRMB'),(46,'TPYBXH2N7IROOM N05MO644JPFUD7RNE40OARXKX4SEP432G8O','COVJ6LIJ2CHNGPMJ0J15'),(47,'JT7COGI5CEJ7T6GDNTFO3DH2LWMVQKDMU1YFYM3VBXUI14BW15','R3Y3OYO9EY7X8WCP29T6'),(48,'PO06W68POR6OAJY8GRTS0RTS4YK5C3UXQQBX8RU64FR09GIFOP','KH1MF16ROCSMAHSES  R'),(49,'6S7GX KIAFMR5KSM 4TS9JAS2SR1BVI8U21J NWIOG5K75WYR5','FLX85EFY311RG8FFB8JP'),(50,'T0FDBDJTYDO6PDIUHD3VFWAV3A50 3NY7JMA2O8UH2AHKR5YED','01CK9941EJEFKAQK8NRK'),(51,'7D0EPI0R8SBGPU78IBYB2SS7YSK92G44CJ3WS3JAOFE561TVJM','CP3PTERJHJ9K7XF1GAD '),(52,'8RW19FIX9KXU57TTHW58WBV4TF7BQV6GVV86WIE06I7 MML6BA','398QXSHH08910CTQA8CL'),(53,'U LEQSYO3HI8WU5GPU OK6HSUP 19QBV56SM3X4J50AEYVC2HN','LNXQYYMHCL9KRCUNKPG9'),(54,'CES65RCNVKVBU5MH4OLHKMXPQKKM29HLFWNAYLSKUGIANQ BNF','HSDU1T4FVR9H 83767V3'),(55,'PVV785G7 WSVNNO7R5TD35XCEDKNUIEBA5NEF35879SLBJ3SIQ','HK053AXP64Q12AGFIY15'),(56,'6H62VTONBFH5YUGE D1JTPBVQ3ACIP3GV56WS3AJE7VDJXPTV8','Y1SQH MUA400P1LKWJNF'),(57,'NERX4 J7S4SWG2QO7MMHRB7KOLD317 IARKUOF1B8X8GYO02FG','XNH XCLI14ONAVFO5WHV'),(58,'W0R4B2UIFLTIID1VIPS38G20RLXQHF55CVPGJNML1K7RLW0VBM','YHTMD6OR6T65VY D9RDQ'),(59,'AYG9JSO41MCPJV03D5V43I4XON44RTCJKJUGE1DVWSSV9I3FQO','BXMXGUND7PTJQU2H77MQ'),(60,'HHT8N7PE1EALS29GTPQ51HWM4L6ABBYF9B105U1G02IC0IXWYK','Y26HGAW TKURTLXLI07Y'),(61,'9OBNLTP5MR6VMXXF62WJIL52RH0SOVDCUY8365NCVT33C0ONJG','45CISJCYN5JLQ XENL6U'),(62,'J9GO93J1KJGDJCIWPFWI2F8E3DRA7UV8HB6G89JC5BJ6J5SBEU','FAKEN2DTLYF3TX60XR49'),(63,'2TV6NBHO1KFBWYMKPOHX5SJW QELLQAQW7F9SK5KQN72LA6VJM','  VQ20VAICRFET3O3 UX'),(64,'HFOHJC49W1U 54WKT0OSUXLF1HUTM1VSCWQPP3SEBCBMID51EO','0 BIQ17UWFSIGO6WJEGX'),(65,'MWOJM3M3DT5SGDCKE9A2JXJF1I7 XCMHJ9HV9T664FMFUJ E5L','2GOTUCVI RU61AFMYL06'),(66,'SM2 HVUPNYPKXUVDYYQKGCJDWNRUKHYFQ8MJETVPVECNHUH4BC','UAIGFX5G9A3YMU3HVE8Y'),(67,'3SE28GO06B5PPL96INV328XSSHEK0IOMUY5QS2R1PWVB24VVIX','M5G7H3AUW5 M4AB1L24L'),(68,'F65JVQ1EKGAROY914BFGOG5KJSARMC92XXCNGDKP26CFMXX 4N','3FKIEU6H1B7X NQ4RN9L'),(69,'1VANF1EH1MKS3T6 IL1X580UEI854LVXVN9124BEUTDL2PS04P',' GKEEIX B075464 0S4G'),(70,'ESNMKTN69MEQWBAW869I1F75Q3U T83JO3MHISQR2888NALD5E','D75OCTS TKFBG5AB2 4B'),(71,'LCF42IJABGIMU3FML2Y8VU  T34EJLAJ3T KU34NJCQX4IVY R','780X7HIHP62TL7WCT9 6'),(72,'4PCTSWEO41  DTYF0MB99KYFMCF6DQACPHU5LGONCK0WIN5QDQ','HDU1267C63FE5N SK2CB'),(73,'UH26E0Q98VEI4I0EPBLLPR0T6V71LBJTECXYMO7GK2Q0C8HHD3','U5M22PQQBRJCL14I7RIF'),(74,'2MN8J FFV7KRQNFLB1JGRO9CRDUG3D53RV 94OBD7JB47P0SE4','QVHSRPI8BYQQXQ1MEIS0'),(75,'P41EU3B00KVNCO9KLLYVQKFO3Q24R29U5OH5O4YRF8KIQRWBM3','J1VT Y2 V7SCSN9VKUMY'),(76,'JFT20AMFL14HP OBXRELD68E615KW1Y35YILLUQHGGTIP0R 50','FQ5YFI TUE0UUFE2IM90'),(77,'UN76VNG3S9W6VYD7K3KQSG2LXWS5YJENOX 262CJV3GUYAF VJ','XL3YK6L5SHJ22AP4L6JM'),(78,'TK6RAUFBC7E25E8N8LS2CBQUS BK86EABMT1SX3D1632DAU1X6','L74I1FXITWDE0EUK9178'),(79,'LC THRE2AN4UCEM669JYC27XXRILAWREPW7MIFVR878R7LQKM2','94RTBQMSXMICC KW4S6N'),(80,'0VKIG3 DXDO192I6W38IALNRILD4F1FUPMBWI0T4B8V7 81TWO','8RSQRRLVPYUOYO718 TI'),(81,'Y7 VPS6JS0WN1VH0K2VL120HCM RRPMBNHD26DSVGHQWMUB 0L','2MWU0UAQT3MGNEGIN9KW'),(82,'8 0DO2KHF90TMLNAF2M251C U7TVHCPETVMNFW7F7K1A0KHHKE','6 3B2J1A LC67MBJ2O6X'),(83,'YV 8LN64DEBG721L3WBMDDXJI87HELCKYH8YW9 OUWQJ8O TLF','GFKA5PKFQSEPWV6QUBS8'),(84,'UW94K 5QJTING0856D9UYSYE4KYGO6EG0AR2F9MB33QWIRACBB','YNUCT2T M3X QAY83RD1'),(85,'W0F1T54V  JHMH8JOM5HK6TO42MS0SQ4OMD40QU HKFG9JFUXP','LN09VTDEVONN4SHE3SDG'),(86,'FKNIC5NK369S 3ULG82D46 7B7Y0EF0NFVB0KP0QDS20XBCGI2','K8GWLDSTEYEURW7LIESA'),(87,'QK8D7VQ365YWBK4NOA 2 LBLL54T2BVTRMIDF123 V TLBVAJL','TF4G9UPFSU77B RG 2SG'),(88,'QRKL4OFKESKNG0G3KNI4M39J8M0NH 5WMU 30JHCY97MN 67NJ','IYJQVVEV CT3CBHRKF M'),(89,'VHWJLGJB59AGF9SSLMRHALQUBUUJC0H NG3RT4N41XRKQ3L8U6','0IXAVG8 YWW6ET6758SN'),(90,'6HSAJ PWVB9LGYTLSN28EF399DFIR2EV1F7QNW6OOD6UQ7OL6I','0I3BG4XQVG7MNBINS82I'),(91,'W R9ENJGL0 QCA711JNNLLGQJHFVEP4H6K4RX3IR5DS960JG7U','4MITDGMDJ54GT7SMTKQ4'),(92,'6DXK4RDS1IEMUHDN5M0EW8WHVR1BJP5B Y6IPIWQC71K9JUJNW','A6EAQ8TCA16LC87OX46C'),(93,'MONE3603LW72TIPFDK B9VV3UWK51AQVKAUQ5WM5184ARC6OAW','X7V7AU3VPVGWSMGSGMRF'),(94,'7J9XNIHCYPK1QDWD1IBDNMK0LM4E7HSJN7NF8GE2IT UQAH 41','228I925UU99AFWMT5SHD'),(95,'HIV1MJG84W9OYOK1T9KJQUSPW8ONYRG8NVWVND67G0SFLBPU77','UJT3CVDJHGWEB4HM8F0V'),(96,'BGAHTQ6CH0LXIVWCD950 EUNSC5FQOMHGMWDIQV9BYKRFCD3R0','KF06J0XO3ROJAQ6PA6QD'),(97,'NF9P8M5XQ96A Y7 7HJO98SBE954V0UXM2J70G3QY01WEGXVGL','BP J8337R3F71D7PX0BV'),(98,'3E632CPAUXEXA06R3FDALYHAH6FC321F599D8J1BCG7LYX389J','7QVIFVIV08 I6D5F216W'),(99,'F7C89P77ED0JY9P8BSRPSL9R1HN53HHXWA F4V1XOJ75T0HK0H','MIY1JG46GYTQ61YPWJMA'),(100,'小黑','123'),(101,'admin101','UU2SMNO3V9JGO951U2OT'),(102,'admin102','102'),(103,'admin101','101'),(104,'admin102','102'),(105,'admin103','103'),(106,'admin104','104');
/*!40000 ALTER TABLE `admin` ENABLE KEYS */;
UNLOCK TABLES;

--
-- Table structure for table `audit`
--

DROP TABLE IF EXISTS `audit`;
/*!40101 SET @saved_cs_client     = @@character_set_client */;
/*!40101 SET character_set_client = utf8 */;
CREATE TABLE `audit` (
  `auid` int(11) NOT NULL AUTO_INCREMENT,
  `aid` int(11) DEFAULT NULL,
  `eid` int(11) DEFAULT NULL,
  `austate` int(11) DEFAULT NULL,
  PRIMARY KEY (`auid`),
  KEY `FK_auditying` (`aid`),
  KEY `FK_adudit_eid` (`eid`),
  CONSTRAINT `FK_adudit_eid` FOREIGN KEY (`eid`) REFERENCES `enterprise` (`eid`),
  CONSTRAINT `FK_auditying` FOREIGN KEY (`aid`) REFERENCES `admin` (`aid`)
) ENGINE=InnoDB AUTO_INCREMENT=100 DEFAULT CHARSET=utf8;
/*!40101 SET character_set_client = @saved_cs_client */;

--
-- Dumping data for table `audit`
--

LOCK TABLES `audit` WRITE;
/*!40000 ALTER TABLE `audit` DISABLE KEYS */;
INSERT INTO `audit` VALUES (1,61,48,90),(2,5,11,33),(3,61,48,2),(4,93,39,79),(5,14,53,70),(7,23,90,94),(8,32,28,29),(9,89,65,83),(10,14,96,40),(12,81,36,93),(13,50,1,36),(14,68,80,85),(15,32,56,63),(16,19,63,19),(17,64,94,20),(18,53,25,76),(19,79,33,86),(20,52,57,6),(21,35,18,59),(22,77,3,84),(23,12,1,16),(24,84,78,32),(25,91,15,54),(26,22,67,26),(27,29,82,33),(28,80,50,68),(29,92,73,3),(30,28,80,43),(31,6,38,46),(32,1,17,81),(33,27,38,47),(34,73,86,22),(35,16,6,14),(36,79,15,21),(37,50,79,99),(39,46,4,10),(40,59,8,74),(41,7,87,92),(42,56,70,24),(43,51,93,66),(44,18,50,27),(45,77,31,30),(46,80,37,48),(47,92,6,38),(48,5,95,49),(49,4,2,88),(50,15,10,61),(51,1,25,17),(52,11,83,35),(53,55,19,39),(54,53,11,95),(55,74,68,56),(56,40,85,96),(57,63,87,18),(58,9,96,5),(59,25,63,50),(60,46,68,9),(61,47,82,8),(62,23,88,28),(63,57,24,1),(64,38,52,41),(65,68,29,52),(66,94,43,69),(67,41,21,71),(68,96,85,58),(69,15,54,4),(70,89,55,23),(71,78,21,45),(72,43,43,62),(73,44,29,98),(74,26,5,77),(75,10,53,82),(76,98,37,0),(77,55,60,73),(78,21,81,13),(79,10,44,11),(80,53,46,55),(81,49,80,15),(82,45,96,60),(83,73,73,31),(84,92,19,25),(85,25,39,51),(86,41,29,65),(87,98,9,80),(88,84,6,34),(89,5,10,78),(90,44,92,97),(91,9,27,37),(92,24,60,89),(93,87,81,87),(94,75,47,44),(95,87,19,64),(96,3,17,72),(97,32,62,42),(98,43,28,53),(99,14,65,91);
/*!40000 ALTER TABLE `audit` ENABLE KEYS */;
UNLOCK TABLES;

--
-- Table structure for table `cv`
--

DROP TABLE IF EXISTS `cv`;
/*!40101 SET @saved_cs_client     = @@character_set_client */;
/*!40101 SET character_set_client = utf8 */;
CREATE TABLE `cv` (
  `cid` int(11) NOT NULL AUTO_INCREMENT,
  `uid` int(11) DEFAULT NULL,
  `cv_path` varchar(100) DEFAULT NULL,
  PRIMARY KEY (`cid`),
  KEY `FK_cv_uid` (`uid`),
  CONSTRAINT `FK_cv_uid` FOREIGN KEY (`uid`) REFERENCES `user` (`uid`)
) ENGINE=InnoDB DEFAULT CHARSET=utf8;
/*!40101 SET character_set_client = @saved_cs_client */;

--
-- Dumping data for table `cv`
--

LOCK TABLES `cv` WRITE;
/*!40000 ALTER TABLE `cv` DISABLE KEYS */;
/*!40000 ALTER TABLE `cv` ENABLE KEYS */;
UNLOCK TABLES;

--
-- Table structure for table `deliverrecord`
--

DROP TABLE IF EXISTS `deliverrecord`;
/*!40101 SET @saved_cs_client     = @@character_set_client */;
/*!40101 SET character_set_client = utf8 */;
CREATE TABLE `deliverrecord` (
  `did` int(11) NOT NULL AUTO_INCREMENT,
  `rid` int(11) NOT NULL,
  `uid` int(11) DEFAULT NULL,
  `passflag` int(11) NOT NULL DEFAULT '0',
  `dtime` timestamp NOT NULL DEFAULT CURRENT_TIMESTAMP ON UPDATE CURRENT_TIMESTAMP,
  PRIMARY KEY (`did`,`rid`),
  KEY `FK_deliver` (`uid`),
  KEY `FK_deliver_rid` (`rid`),
  CONSTRAINT `FK_deliver` FOREIGN KEY (`uid`) REFERENCES `user` (`uid`),
  CONSTRAINT `FK_deliver_rid` FOREIGN KEY (`rid`) REFERENCES `recruitinformation` (`rid`)
) ENGINE=InnoDB AUTO_INCREMENT=12 DEFAULT CHARSET=utf8;
/*!40101 SET character_set_client = @saved_cs_client */;

--
-- Dumping data for table `deliverrecord`
--

LOCK TABLES `deliverrecord` WRITE;
/*!40000 ALTER TABLE `deliverrecord` DISABLE KEYS */;
INSERT INTO `deliverrecord` VALUES (4,24,1,0,'2018-11-17 15:38:04'),(5,30,1,1,'2018-11-20 09:30:28'),(11,41,1,0,'2018-11-22 02:37:52');
/*!40000 ALTER TABLE `deliverrecord` ENABLE KEYS */;
UNLOCK TABLES;

--
-- Table structure for table `enterprise`
--

DROP TABLE IF EXISTS `enterprise`;
/*!40101 SET @saved_cs_client     = @@character_set_client */;
/*!40101 SET character_set_client = utf8 */;
CREATE TABLE `enterprise` (
  `eid` int(11) NOT NULL AUTO_INCREMENT,
  `aid` int(11) DEFAULT NULL,
  `eimage` varchar(100) DEFAULT NULL,
  `aAbstract` varchar(255) DEFAULT NULL,
  `detailInformation` varchar(255) DEFAULT NULL,
  `address` varchar(100) DEFAULT NULL,
  `email` varchar(30) DEFAULT NULL,
  `phoneNumber` varchar(30) DEFAULT NULL,
  `ename` varchar(50) DEFAULT NULL,
  `epassword` varchar(20) DEFAULT NULL,
  PRIMARY KEY (`eid`),
  KEY `FK_manage` (`aid`),
  CONSTRAINT `FK_manage` FOREIGN KEY (`aid`) REFERENCES `admin` (`aid`)
) ENGINE=InnoDB AUTO_INCREMENT=101 DEFAULT CHARSET=utf8;
/*!40101 SET character_set_client = @saved_cs_client */;

--
-- Dumping data for table `enterprise`
--

LOCK TABLES `enterprise` WRITE;
/*!40000 ALTER TABLE `enterprise` DISABLE KEYS */;
INSERT INTO `enterprise` VALUES (1,1,'d://222','OCTMAV1N7HFBNGI3Y94BEGVWHQ1K2MJ8FJ1PHH0X 2J2ED7S64A RTV8I9B4IV2 MS043PSX2EE J7ST9BD3DXFSH87TONQ05N5VDWII053 MLO7NYEO9TIR CY4DTC2XP426U3ACY05QJ3IRXR 01X2H55MYKHMWBY0UQ6HNBTOGF0 062DRF7AN5K6BILQ1TV6957YIPJX 48LYG7F5CRL1OAPUOR5CHG6V5G8KFCFXTBV2GDRCGNVD3RBHI0','4WJ08KPUJQ8VIROVWXB488WL9UCKE32EI5W608GC9T1I16SYD00TXPOJWGYOQ6QA1GUE487RCMHVHFF8V2M696MKIFBSFJORM99C L3XGB84NF583AX6NM0336JUPJ3EPFS8 AKWTIT3CYUM96HDLXEQ4HHHYGJYB9V0N4AT66G7FQN94RL2IXN7KLS1JGQCYDQ9FW8 TR8LRDY4 EE4 CTE11WETJRNPXD7V9OWJ1X1ADIBOWR5IQDEKV189Q ','AK8MPDUPMSYXI31FEDCG3XU3 3WP52OI4JYMM2IS DOYUOC76R05JAU83TVW95WJ9FCGSVLIRV69L05AVT8JPWXLWB5B9AQ2U342','A N5K4OO00HMY4O69T QM1P6M2 LPI','27H7Q2H289O4J1JIVR51XW6VFWK4T2',' YJBX13N27XRJY647INAY0KE4HFDCIG159OQ2HO9AQH6H HN 2','FX089GKYASQ6AXVMCU7B'),(2,32,'Y7AXJ1BSSEK4QWHJATT2YNA 4 QX 30MNGK81OAXAVVT9MGFVPC9 8YH7NP2K7TTQHWC0BCIDT6BSYRSF7I5Y B7N00Q6L4ODXKU','35Q52H UBY9QKN78J1RC2UQDAJOEE38H3 QH5NMN F1EAD5P4T1JB44UEI652D8POYVY5VJFBAFS3B5XR9DAVH81FBKXF456EKTVH8MUK2383859N8LBXLEBOA7004VG WKA6XMT3U1W6Y0C30 1C3U8L8SFW69BBIN3V47LH8QOR9J5KG6QMROPTJH X51SHLWVY3YQFD0C11DUN09FY9WV43U9JWS9MRM2F1DYSW5BQ55Y4IPW5EI5HBUOVB3','8Y6I9NLJ69KKA5I7XRGC80PX0GIDVGTS 6BX2W9U5WVT4EIV1NHJBGQWH3AKDXE0BNOIHW47OEYPWXGHXAUR672W8JN84XRXTW0H7SXSND3OQNS00QPSM41 HFTURNGWOHVA1BRIKJHDU1C5C13RJRJX2IX96VL1U RP0Q51MM9PP3CFMB0112QCHH1KAUL8T03P9R0TNDEYUDH4AOABCMAJX342BDC5T76O4SP54JUL0WTCABOJTG8P671HJR1','2JIMB0WUGF8A6AB1MC0BQTULTMEOTVW01IAN DAVUH 5IIYDEQPSBJUUCVWF1O H2DVIB8L1 TIT6LE10H36GPWH1Q9EHB1DN024','7OFOQ XR5784KHGH2KOWT80FF35LFD','SX61R8QMVJEMVTL1CC7PVI44OGJCJI','V1KVTXKX TFK HG9NYCGR9OGCPN8N0B1Y4QQBYMBMNPNM39BT ','KM7P42IPB8R6TVFQMHML'),(3,52,'YGY E G06B9VRLYLUTDH8778MWIMJ5HIHDK4H84Y7VVKNBXTX199UJNLUJ110 R1XOBNW5YT0N8Q7 DVLAHINKCGALUY5DPGWXWR','XG14133PGA1A6KKMX8PHJG6HI UTPRO F0YRX Q60 9C9Y0HK4B55V7VYSBIRGN5LAX V5ED5KSSFN6G1BPCMAPT8Y95TSS5YTFLUY4EUJAU2KFRULW43HIWPMGSYOT9 H3V5LLEUQKD1HQODW60406SLAQ RQ0Q1FRML16JV8KOLYQIYJX6P8V75N7T5DDYE3D9B0W2LEGMC9RLU3N669GUDQ1XGSI8862MX1E7IWINCISC4E17B2EGATLIG1P','MT5DR86PTV5IIGHXS3JQY1CJVFPAWN3 SDJNOA 8V2YU11A50O2T2VOW6P01EOBMLIH786S6J2NYXC9XPIXV8JOTA9AH357HKY7H7 PFCJ9 24EEML6YMQIYEQUTRXCYN4N28 0F51H25EVAWTL3BEJI6JR647G168BHTT35BWOGTH1V2SJECSA8LVOTQFH7WBHDFCL5J4UDOYEU2V2YLGEF3OY 4BHIY6 BGS7FYNN16PKJ9BUWW7OVIQKXQVP','22BTPF76YV8WG41KIIB4AYCCF0VEQ72NFO0895MB284PI5VYUS8 3B12D7LP2R0JN9DR9JGWJCIWM5B2BSRR1P7R9WMOVRAOJIL1','IKFO9JB 0T7BWDM3XOL1DVQ53UOC6T','TNGEB4BF9D60BFWVFX8IU83O0IROJM','N80EDTPV B9XLODUFB43K6PKBFG8L25PW8EX C2782P 08OJ8O','9MCM90UK5GUE5YXRQH3U'),(4,66,'UTIS6 WFSJC2WQN3O5K K02I5DX5VRN37YT4947H3378RE5DC9DQ1839Q41SMQCMQNE43WLUQ3K4O4RQIISOOK0K X1M58SXR5NU','SAYGCICYQVF2WWQ1F6TJDS7TYNV0PYFL97N3A1WV8 4HKP1XYP6KS6T42PHBWQ1O2JM0OHE739GJP1UPJ8A7RM GTPJF4 I6F 7R8S54 1OP5O7NH O6GWLFH22J4TWBSC36HLJRSSMUH12 ECDKSHKOOCN8CX7AXKOLS604R6J846IT7X WIHSL78CG4QH6WURQ8GY5B0CL8UL53EK22N9L6NRNI9TW FPPO1VN97D1SDFYHNTESEXY1M3MC9D','7Q7X6ACSGF07V0JROKI2E3 Q1NFFY31FN7 9DLM4M8RAMT9BY0 KFYD4QPSI0 MXCNMQS5C6 0V8F49G1EFH U47URLYWPN7C7WFKRGK589QO58GCR5BTLVBTLQB321RGPJ85CD8H UA 9C02QDH09V2 N44EY8H8ND0A11I42IC8XB67MF9  SIB1QQVH8N267IW2Y72W8AOTFGHFOUA3X6PIJHTWK 43XECU6H0J1CQSFSHQIDX31WQGKLVL9','LNV86U63H 44VMAH4SBHJ00E69DHGQPU6ME38HMET0MY2CHB4OJW2T2KSU8ANP98QAQN2BUNOLKA2HN8UPC8T8QRWMMYNURFV6NR','V5D9IE9S73 BSSNT2J 7UPWWG59LJ0','SYJT9B8WLRHU4BH1LKR4FDS2W2HOG2','BMTGXPBKE1B1BMN3S9O7SCM7 7DCDDSUF892YSVG N47FRLMJN','65OE2W2BQBXO68H1JS45'),(5,30,'QHA2BIIAM3DW8PRLVE6LMX11VE8F3YRFFXVCS9QDQ3K2B34H8XEMU6HG0YKOBUUK C9BU32VAI8Q9450XJ13MBRQG5VKY9YSL90I','NK5PQJRJF3RDXF96DXCG0O4GN0GCQMLTTCBDJ6IE3WNYGXIR A48QQR5LUJIV3LERMK9IUBMFN5OP 4617GW6FBNCDJ1R775UKMDSGSGV5XT1QULEG5A5IRBALPGWJ0QBLDBXLA7TLQ867 7Q65RVJQEQTDV9H7UEHV6UQR6IEL9A3L6QOM40SJAWK4X85K639BLW2UQ59LS0XBSVOTTME5BYPNRLGOJG52QVLT9S61A91H9L36R576WXES2J3M','VV4XHGYG1L0U79AQ8I7HW1DMLWC6FHW7FG3T624I8QNH57KCIRQ8HIJXAWA2O0W50QUXIQ KA1DVF6JI4W FP2XQW2 037CMTBQF9D5 5Y5KPIHPYGP8CRRPK841S0KRGMRH55ER6QH4ITTXCQ7T2XC3T258RP3CYTOCRINE3DM5BY3N0SIFE37PLW2PXTIMRXQ8M6YY1NGAG53W2J9CS6YSAYLL24PGNNYF35KYL5G67TNA2KTUNAG6N633WRM','OQYC92SAVKL6JKJCFP4RL0Q1GJ6FJGDM2OHIO5GQQML176A6U8TROIXIHJCXSVXY3FIM6446JV VK8EM1TD5O1UDDHORNITSAO3L','OH36YRLO2VKR4HT8XIGBWK4EC83C9C','G2YHLW732DAD0JRQ0Q5XNALDIA0GOK','2QXNIWHVFPW8A5YPJAOX0NMK 25E8QM72U73VOG9V0GHH79XLQ','SXDI KVG5KB53RSVCO9Y'),(6,41,'4NGRJ8CBP5MAEMNL4NH4U61OWC0 DQORTVB81K9CDSJ 7EOLKF2039JJJJQXSU1PPG C4MSCL2IGVDXJ76T8YM2M7NSDUGUGC3OS','744 C77NHUEVRRLO6ETROKML49NLK52B3X3HMEKSSKRG954DUABJCRCC516OSV6LY8B105AFJVCD I5AMEGFP0QY4 TFQ5NOYSR1PB99YFFX660P I5WHBSK59DVQ2JMWDC5 5QQWX9QBXGM4G7RKC0YU2G6E78FBTR9AKD5W2 M36LWS2D3 6ASKMPVEQNRA RLAX9H2KKR8U04G699XIUIC7KRLA 4NQWMQ6VJA7 MOANN9RFUSHF9T2GX02Y','8D7JY CGY1J7HQ4U1ST9J38HVG6W5UKKS25G55SGJLM14F0UWR6B69W9K81D6FPCSFWRS4KIO13MY7ON06L14P  T1E919N EDVEAVTG6BD 6PDQ37RQM 34HLFGA0K6UDW4PHKE X7WOM8YYLOJKNPFL6LO3GLUJFAFR3TQ4UVYXPCCLMUCHE8W9JVD9BP832MLTSE4UN0J2PMA532UMS0WU JSBCUT6C PWR3JKDMQ E FYAMHSJ7 SCDYDDS','5Q6YY7DK9YKS1S0RL80WFUC318BPVV65PX764RXX4FQGYBKQBDS8DQSX43VE2DCVLBXSUDA MJB49PN0KWSVA304YYVKBCAPOQ0X','35Y6DPWBPE35BMDIFH6AXQTM5X27Y4','6565IKH5LTHSXPSVH39IJR0KGXYGSD','VD18HEQ54EW0YI23R8PCCPU0MJN9AU56HDDBIRIJLPHF9PXY3I','7 NSYXBKYO 3QMCJ0YV6'),(8,30,' 4B0D2W2NTXCG5G060UY5G35XN TC3GCV6B DR9A790U0 74FTT9HAPOD0J1EQYKBOLE8E7PCDONH0SFR8NTASRDK6IP B9XBWFP','U16KAY5M48Y2NQ83IFLGBTF7OM1CFL3KR0NI JB7031RRGD01077UQYKOPKIWSRUJLD7XNWA351BOIUUCIPWUO14FJVYKF6TDM95Y2W3YXK U2G8PKQVGGN91YUCM5NTKDNLJK95BIQW7A06I6C8IUNLU9Q5YLEFKO9KVYS84GYUIC6VBYXYHNT4AC7M0IJI0X8WQ36ECX4J3HIUS2DPIQTY1KCS0M49P055JT407KIBXYIWU6X0D08OSVLFSP3','BVLJ43KJL5M16BHE0HTBMHKNI4 V7C0USP63B6B9IIGYLDTC6554W1V2G2YU6OLSDJIBV7CVWHJ0RRMKAHR1RWV543BQ4UQ0O XG9UVUBILECNL785YGB20UT85ERTSHURN17BJL187L7QV5JUX2TY5UPLLY00M1QIUUJCD6X6VBB9 4CARSOMJOE8IS0IF8V J 97VJI  LW0ULI7IVGJSODATKXTUGEYQTIOUC0AVS7BSSJD2SXT ULXA86 X','U2E MVHQSGKAFF4CUWPPRXBVPTX6CI59PU2HNUUA43G6G1YXKPN6A4QYGDHSYBRLV41JCMFF85 H9IV66RS9IQS0SI9OU0EFME42','GNU689ADEA3  00DQODA61AB5C7542','938G1FL5J1YL6C8FSY IVCD824B0BA','95CEUI 00YP73JDJE6U4SUE68CLRT4OB0XC4RBMY243FW31XR3','ROEAHO966M970UYXUTQ0'),(9,12,'L KNT43WR7YRRW82D1T1QV7B JXFQ8IJTRLKBSL AJED0G5DEW51 FL2JV2VO UA87VNVV1T2L6LHBB8SG 2PR0WEF4SE1PIHK6O','JH0BJFTAJSS 19R0E3E3SLWYT4DD2PJ9DCI71LQBRM8SQIY3DGKAEJ97KWK3NBBDK1OA8UPV38G69G85EO0 BUKL654NXDNBVLWQUBRAP52G D1AG5XXQ9T7N91E39HHGO6RID GAOCY4VV4WY6SPR9PAFWODRYPWV6LRMNRUXA1RSGSJ17C8P88UO0VUSBG6G8I 285VSI508N0I37E7N9IIQCFIO0NOJBTLWB28W9OQMG0FM QFF0RT6GR8YN','KTR66PGNV0DVL4TDLD Y9Q4PP59PCR2RGIWXU9SOCDN4NGBXYAK0015W68E9PSTK9T81R4XAFET42XWS0LNL5G64FGM7 B8WIC6HAK7MPE84D6X RIRGO5VK2AT4YBKFN AR4PMXRWEVHKHN3MJT04MHME1 RLOQ2XCVDDVG3UXOTC8YUORJ04D5HUID Q3H0L7GL89J0BND3EJ1PTGYWNTW WOEJ30EOQYLRPQHTRJBHIF5CEQWB171B40OUT9','BXVHA7U8LHC5G5DX950EG7K2V4BGX3VWGISJTI8B280S9XUOONUJA3UQ5TUBW 6O4ALJ6JPBCLDOJU8KVBVA 5YLKWYASCMMKXOC','WH4RYYQ7AC2 CNCHNITJQT8G7L6UE3','YFF0N NR813UQO6 BG S7TOVP8 7W1','A9DN0MXH6RYGLT431K8VHEIJ5 SV6M6KENJXAEH242T MJ4774','V7EAWPLYMD DTCTPAMVJ'),(10,92,'9Q4TIKIWE6L27E QG8JTWHROXHU46WUOG1LJQ4GYT2DFHGXJN E3B5KPNE96EXNVNI679DN5Y617AUCMRRXB3XF2RDB07NTDPU0O','PMIV70GURM2XFYBNP58R8G7PR2RWOR5VUOCR3RPGSAN7OKOA3 B8EDWV5E5NV9FQGV92IHB 2EQSKC4OY0V5NR3SV 4JXJPUUGM2Y 7X9 CS5HGTPAWORHL485X2N97QIA5RK172BN 235BVVGWP8B6TORAEK40A2R 04I0I9IH7QKBF6MO063K1U78NVU8O9QPE3AAK976N2 W7HGH0ERBAGF8JC8QC3N8AM9KWO OMRPHCS600C7XCIU8QJ2E','BXXRU7JLISWTEXC4NDKF6GNIS2 QK8X DY4UA VQOV41KPGYE91APWFRGKEW9NTEIBC121NHCQ8RMONEF60VBBASMVA 2JKA NTUTLI6PYTGEJ4C9TPSC63CD2O6 D1FNOP2DFHWP3EWVJCI1U815G1WE8HT05FEY41TRR1KURD48G8BM2KTCQUT4JNLFGDK3QTF4E0VBM2ERL52H7NMM0I3J3VGMBW3WBUKQOOA0DOCYSUSR4A9WXIMC3UN5DF','25HWUV4PDLD9MWA40GKFX1TOLLX4W5U7006F7GVPQ2QNFKTUB8FUK0NKSAKXOCPLJGWFI DLWXWXHL0PA13YM6MX17JOOM15SDA6','59813A51RJHTN2B49 V2EA99MC7TMT','O6KILDTTHDQ06LIAPYVNG39EHUHKVX','TWYRB95SHD85O8T5D31T022M7TEP4L6O8SHDVT82EERVAH 7IG','QRXG97WUYQQNHMWI9PIN'),(11,94,'PIWIIVNESMHMXU 1MM7QA FKO2ADHX4O5KGN7JJ9531 1S6E2SA40LDR2MS2176PSJWHQ3M5W3GT3JSV53KVIX5I8ED8OK29XSA4','0Q2A  PRW9PQUVPU8NAR13JFB0MUX7AFXW299COSLXEUKSSNRY3OA0P977GB8EDJFJ6F9OF2CVQERRIY2S0ELE98LY8YYHSR0BNDGR0WGJQLADBTFG7UH0CA2WDSFHL7SAGCD8MTQP8416XCNSJJIFBFN12D4D639YE8KOTFIMUHYLBU4 OP87WW0TDYH23RM81MNKGJNVYR1XPSPL299R11900I ABSHEQO8AL2LIPOAFPRUO Q8FYE1VJL6S ','G6Y82TSL0665OHLYG6MF6YM6SW EMCSXM74V2X4RQVYQ N4VHTE11E8JK6DSKOOASX4AQ3YEYYH6BA0F22C1UQ1 9C8LWWRDCE RJAMU0VQXJT68MXM9A3QMOA3CC5U7PM ODW537YWJ54AMMENPL3TAMRVP30HBCHONSQHRTGIS5GQHHB4KJRIHYIOIWG0 QTVFR 858JBK1IREPF06CFU9I5XQ3TI4EBOWU9U8V9DYWDELVEKYW PH96CJGYW','E1G1WIMPV9HB Q5KJYXC 8SYY0LBBXJS7VAP3MA2KBCD1L7CKUH89U0NPSOJGVD5TY5U18KD5UMLDJ55QKEABBS31IWCN88NCC6G','1Q6F9S4RUQ90KJ5QT1SE GULQDPX88','RQFB10Y3JL3W5SACIJOXXB4GUDT8RF','USTD 60GJBOF A1LQ0NU4PVO PMY3UFR0H87KVSEJM27P1MH37','TV544 SHEAMAVSGTY0IO'),(12,94,'840U0JYQKFVBF2V0HWMUXG5UTWSNYJAUM00YQBY3D0SC3RIQTLOJSAJAGL95SUPES0JROPEHRD9T6ORRJ1HXWAU20V5514P5VSYH','YOP35DG173O5N2LD4VM0XCBWVRIE8BTXLNWXT1CRENY 3D6TD04ILTIQUNO4CLPSJ3C34QK82F7R JO2LEMQXQVD9KEMK91IATUE0OSRNM7EU8BO8T408IGX075U9OX0DJKP3FFAH92YPJ3WUWUTBY48 1M 6N9VCTV2F1OE0B3N7XTNY8CRI9FO5HS9ODPBQ9GQNWKDPOWUEB1F8AFNP2SCFWX7OFQ76791VUV414F30 4I8G7FAED0VHKELUK','IXCC15KTJ32ESNTESF0AGX53W2K50UDJAR8S6NEIMXT3XDSSYPRDTDLSDFI1IOEIITX4H2CGBR4CTKAXXO2R7Q91QNM5TFTBAXDUOEN2QEYFUAC24D9TVF2AV5S4D2QTB785LIXSMX3BGJ6MI3EH6T848TP9KLL0UA1T171C7 2L28D7JPCFE68AVXRFVT13L50AU63K7I8I54SJ9DSYYMWQA589TI3CV77RW2JEYWO 9 HJ8P5 688GIK3 WC0','0OR536KAPMYCS49MSD9ECLQ5SFCU 06SH0BUIRPS7L6Y4DCYJ1FPYO051GHIXAWY5GQHLUOJ2D6MBXX70SMWEFTUCVQQAOTOYBC7','7P45T1EHO7FN1 G7EJVLKK5GP63UKH','5PN9L0HSL4QJN25MGJXQ8CUVUP5TIW','910W3TWVKVMPD3JJL745XU9AEA CRKG BYG86BKJWF9C8RTN4P','81AFVP951U08BGP3SXTS'),(13,11,'03XV2SYT44YD8YIBVVQFOAXAJO92NI28VCP8GJ8LGGECOCVOXE5DOW92NORR3DOU5ADUI59A0E6WAGEBKQ8VJJ E1QBM1JU8L1W ','RL1R653T6DUFIAFXM7562BS9JV7J6PPNCHVBA5P0PD P773Y3NL2LQ2RDDMJWVL9JBGWULT3LENDLY8UIO0 PU8KE1CC9OO4NIVDA8JXE3AF4LUNXEC4UCJ5FP5Q7MMDHT0C8O9L5G4H64BLYAEENSJ5SKN5P4FADGK17EOBJW3R9E82N8RENM1CD88POJDE8  AUWQFM907T6IMQJQAIA5PLR2552 8HFIPRHOH5QFEF6CWBXHXU09BEK4U6W3','OUP3NC2Y8AIMMLE5VLDVW3M9COMFW1N6VOL16HFU5WOE33JGWIKHOO 1WKHNN23S 3S3IXK1CDECTXHRN4PVFQRUL95V6GFXF4D4CW6NLK9XGA0YKH2G3P1OR3UOX39TMPT2W RIPA3U9PPP3G7S4CO5QB1UX82E1PS6W6K4J82X 6U8PUYNLVCKU2J9NK196VAPMWMJ 0K5W2LFYDFX0WGWJGE0656NKUJ6XWSLX6BOV6SWBN0OGF8P6F B3IB','FITN2T4HBSMQFXP19MTWQFRYXIGS08CTCX1IG1L1O8DU22YA1X3QR5IDITRS8NG18NR3BXM4MCHU4E9EUXNJK9R653LRVYSDLDXL','40PP1M06154AONSHT6L4PYHB6GLECW','D9K4ANK8P21ISKLWDYXVQQPHK3S T4','CSLPJYIAG1VDYIH9JJUAGTEDGIH8T9PITYCD96O5BVEO6GEIXD','B3GDN8UH46SBX2K737Y8'),(14,97,'9 5IK99IP  SNDXNTH2PW2KA4RTXBW4T64G4A6WFRFTYXFBC0IMO7FFSU0R9I0WEF LA4DWHSXIBY27KKRM0AKB0U2HRQI T75Y2','KB3EKIQ6CLDUY YDO6OX6UCTANLWUXI3TKFY2KAGKYT9NBCO07NM6F2BM0TPEONYSGFSP74OP4Y9NLKGPJEUSTI0DHW4BTHF0P527GJ65D6W5FY0680OVM9E77SMF03GQPNWMECMXNX1MND1M0K6NIGELWGLV54G1I 89D 6 KOKS68NY868JCOCV0WA0BP7SVAYRTACXC 6R6DBY XRA75X2L3XLMIXL4QU AR39WAJUVBY3W2FX8JB1F4KIHR','VP5TQUHB8TPGLISSHAEU5YMTRL7N2YTB68LD8YX09SIBL9E6CKDC75N94TC498GSEKUYKTA8X7SHRMYACMEOW98W7VWQ3BMTBNAGBYDS 5H97DFJEY8V7NP1EYJLLABS0J 6UH0HEW3HXXR9Q73GX7EVBEK4MWG1SJESB71XHTN9LEXRS7RCKNPIVNR8SK4R90LGNKFPRIP7RI06CYKTG61YAEE8GEA3DI5MKP094ODBON0LGKCLPRU62EERT23','A9T8HSL9N782JBF67IWIQAKW35U4QLD T1PMA6V6X99FSWR7OV5L99O5V7JM1HIEX14P2GWD070PW5QN4S1M3RY M6V KFBQLJIF','I1VI0BMX1ODJDSKAXF9QBXJH08Y427','W UA74MNJUKSU MFRE75EK3DL8R7DQ','NYH2LVQR95N7QV TLSWWA9J4JXV4 D39H3OVBV9939JPHXC00L','CUYQAMBT5GF56GVFG9E1'),(15,85,'OXPTC1ETMGVDBVBW81V5LLME2CP3BLHTB5MNXG10 8J9CNB3UUNP4XHYXR3 Q 5IV0WTA7LGH9QQYRESDT8VPC5TV4YCAO2VU1 6','W4HCJHAT5OME5EUXC51BAHLL0SPGRRK2BMD6ADTAD80T5DJ9CW BFU0G KJI16YGX553C3SMOWHY6F8WUWULRCNULNEK886O5SX6HH1GA0AB392FC0C6IQEJSNQG 7VXI44E7BDPQE23GL8QFLLVFWXLKPEUN9PRQBJGMGFLLGWDE4RYXI7B PVE5GQ49O2XN1ITJTUMN4AWROJJQ84VA1SJV3CIFQFJAGMRDB2KUV4B00G7YPNN4V4Y9DD HR0','H694P3912QHQ4XTDYUF5VRWH68D3UMLY2CN 0UXD8GYIOG3E25JCBJA3YI0 5MFA5VIM6D524DUC3BPHOSWAGO89OH4YVD Q8G3PG7SWTH6CBYHEPFMQ5VS17P5R03Q HSF79B1B0X VDENRLUSRDGCE3UKERLOHRNKC48LO3T1NJ7UXKSBSA6UYKHN8E52IJTFLU1H04B5M7E30D14F6EG7HCNTELP3 2SR8B76QN  XMU KFYLJXXEC4N1FBP','H NXOTCX4SAL SX46UFAPU8PL3OHL0V7VMLTP69OHTIS 4 YB2BGIW5G27CEB8UL6DLK00XVCLUKN NJM50URJLWIAL2GKRD Q9M','G2S3ABHQI29R9C022APUR 6KP9ERJ9','9M8S2JOU387B2Q5G 2K OIWOV ESC7','XQQB SI5G4HRM6Y7PK4Q3GV1750WBUB67ONI9PMGIMEDN4LJ8E','JY1MCEUEV3P8HNQ6DSFR'),(16,34,'264EW3V96B69076QU4DX5PYH 7VXQAGL67BD 9S4RODO36P01J6NE8VOI55IV45590UCFHW0N8S7M8JPXCNWH69OX1HD6JP27AYO','X9P0O5HDB64DDNXUGCW16IRC1U7P5QRMTDJE80T1T4P11WGLG67V  51UQEE8B959F7Y8SI3R1GXQV92P2SLO83RTKEIEQGAV35PUAJ0 OEA23 IM3KVGR6U457ERR6QT MYDT50 TFLPOP08G9NSOGGJ8MRMPOYXSW9A754W8DOL6VG7BL65JEIKNHIGGO7S73K8SN7JT JQQDFWX3YAISPCAFTVE7HI 8Y I7TCEVLB HEAIAS29YJO027NGR','NTY0683NK1KP OK2VE4BHYAOVED36N7C3918W52DB8I6U 44Y9MYMIH48GORGI01XV9KFY1 RFMT41HSDQRHW6QE0D3YU38NR5N8DACRD947ED98RY807KCYB41LRHY0D NAVV76UYNPXI4 0P4H2EHED6CE9Q99OV0ISBT1098EJ2JQ36YJMD8OMH9W2X3QST0HNF7HWFC7TMXJ76OPR8N1LMGEJ7A4WD8LMYBUM9TUYVLPM M7XSN 3O XQQN','7BDVXWIHCPAN893HPUIK10SW1J31I4KAQG63Y61GKC88FL3OA4UGKDDSIG5E9J60GW0IW3B49UKO9V2IXWSAUIGNP36E8QCCLHMY','QLX9F3VWI1G6MF2F1HCNGQQLOFOS9G','K98RN6RX423M990HVP8UUNQP7BC8Y ','AHR G5SWFWX16YMAHS52BWQDEFK1LJS623T67XFCREBS6UUPB6','L6LV15QF6TBTYWREMB0O'),(17,78,'3E1X4J0P0166KNOGEGT1XLFOA8QR 9I6MKFCUXF5PM6QFLEOXI2M5J3SHU5O YB2E1WP7WY2J3K6QUY6T2SH66I8D8CWCXBQ6QV0','XPCPOE6Y2HL11EEJ ISECSAP5STV56EM3WRGJ2LJ901WI3P3R40OT 44N289L2R5N3H8KJ FT85ST2RPLYH9AJRDLVDNRRWQXNRILFIA8 LT45D5CNN GNWQJTNX34KACF9I6HCY3LLR858J2AFHNJ4O71XVQXH1KT1AFFIL70N8KY17XK26VGW1G6FWH58GCPMN82XNIMQLAH9RAN8ASOMW9GVBSN9BMLV605HT3F704NE4O92ROJLKVL96QE1','Q YI44P9OLOXRE7XP3IMG6UE2EB7IRR 5CGLL8538URNJJFHJKE3V7IP595DYV5JEICRT2PSXMKNDXEVFERPKELWVB5KV76HKLP6O453ML7O4C878716J MODBEONP3CCOG69DPNTIRWR1BDIJNK RKIH0Y VYJF4VHGTF1SO37LGSJ2H2Y661QOQ5OYA0JSXDIYQB5O16DHH 6Q H4KMMU78KFERGMAGCAXJMH8BL2GCEUNKIANWW2WS3WECFM','C0PFHJIHD9IJ2ENT9M7 VTSS8DPQM7RVFGGAD4FAH6QVDSNIN9VK1X2SRURX3K6 EUG6QAH385V345MIDAJLQ40U0RPR1G6B32AN','KOBPPIYXYDT36CFFYSMIRVS5VBLPA2','H2IE8AH 8WUNERVNME3K3CDJ4 M9A0','4LUL TY7MABEHJLJ2YXO58Q15NI8IDC9UWCVALP1U8DE6 9L38','SFSN MB2YKGPYAITG4MN'),(18,36,'GUAWC1MIEKN1JXY9S0YML5O8GITET67RPYF8VHKDYDR4GP 99MD2 CH998VFFDNN0F0WC0JE36C62NR4OGP3QYGO1IVQWSQBQHJP','RSX67Y7CKU8H3V1V3GFGHU6WLVA7N9OWAENDJP1X 07N2RNPEETJL350EUQDFB73EB47MAYBPSD1PC8TFJ12MR4DVNC0TBH9TNCQIWQH69SUTDLWE5CHGJBKG4U5 1C6F UTUP0NY0V WPKVU5E2L4SIRMEMPDIXAGF20XFBP7G536SXCXAT79NBM3K1H5MULOFY VEBBGUU6PVKPDIJ4QTFXWAREB8LNVIMFRDPT1OBK6AKTYWUUB3LS2WX8RR','D8FTSQY50XY5B4FURF5HLA8MVBK4QY4FITXK84456YV0Q75MOJLY89AUHMQTTDP48WAVE45J86T4N67H75HFU4 B14NO98L0R 475F58OAX4AJE6EAU0ED4UDGGIW8VA0OYBGANXP D 380613N3Y0W0 D7EPOXSJK59IHK3403YMTPSFPRDRJY60NVQUDN8JC1BLC8 G62HMDH3N8XS62CHC2A4LMB2TMU27NDMT83EYGUYCWTKT7IVEG9IGAJ',' JYV B0JGFUK8 BM5ACOYVDVC7X9M3WWVXP68G7PTLAB5UVIGTFN BSYANAXVO039 3ULU0Y2MS 0PWQG4Y9FPWJ 0P3EXO IVR6',' 6HINMBPXA3XJC80PGY D4L0DALVB8',' W5ET  XA89EE2MAY79NJ5HUIULSIW','4JYRG30WPPPHCJ9SSQM0MER7U18D69QC6NQ83B5GUDQXPA78UC','VMDXX18LNQKS6QVOFKK5'),(19,91,'WTVPB43LD9M1HXGXQ5TJY2FFWENFNSHEAJENYKFLRVAOD4J5JRBOSG69C39LK6CDPPWKUP95786BYYEX LOS2NATI82MOCMI2YVC','ID4ATHAHPRCSP4D0HEQSASXVJ9JUTS8XHI4DOYE0TTYG FBIY9WAWT0NCXECM5XHQ3002DHBK2S1REMYLJ6D5 KFBSNXL PGY8PPRFMF8WWL4633G60XI3DVMJCNU OQNP7SW1FOVDE3C241HRVTR4W38MLDV1GN3WHLX72XB7DG2HMABJ8RX6 LV0J F58XDXJ9I56B8R0G411TFFPDBI492EC8HIPPAIGWL60I 2GSPHCX0YS8LKAF477QEH4','71CMR213MM76 B5EUN1HRSX9WE7QA88V57TS V7J034BQHRJWJ07EC2C5EKP4KBNXSYB8AG0QE13T82 HJNQP3L 2QH9HHAVYYF9KGPWVMYRKQ HKXHWOIILW27X3XIRV2K4S2YHQ C25QBPG2JU0NSF49HKKJDEKK4QJL70XWA3HP 6OJD679HMH9OI5L9T85EF62JLDYDBBRWF421UJQM907LH 1NXEKAVX8Y88TOP3N1TWJ6A44BC1DNK F ','6RS E2X0NEN6R3Q3QHIBRLR2MBLO7P9DN O8XJ68DW38YLW V4U4YWUR29WGGPC880NVIVMLMB9IFTQA56K F40JA J7OR573NHN','CAM T14AYMXCLU539H13Y6VDDVTLV ','GUFJHB5AQ75AOM5M581KX9WAWP8T0X',' BN94JKP0MW5LVHO3BN2G2KE96C326BB7E3MOV5G9CRPVLFXHA','LBB1FW52DWMX6M3 VDI6'),(20,13,'FY7YQAFPG1ACPCFMMEFB3CN4FDJXT5PF8QE0CKNE60G80BJ1FY A I1W8 18POYWIVWUAL9S3JECYGYAI2FWV05XPFKLV5BCT2VA','TO9NESIXIX LR HI6SLK2UA 9SG 77SCOBBKXC8SHG7XPRQRMPR4GM8KW0LKJP8T1VLO 5Y9TLP5MPBFFHFUJMDSTLT6F8MJD0EGB1I3ET7FBM444SYSEVX9HJI4F9PF9B9KB7HQ6LO15OT1A516OTW9CNAPQO21B80RUAB957EG HV3KXMDH81PVR1IWS2L45P0AA4GBXX991JSJI WIDY6LK 77BTXDERFMOWOOW29WQTCX4LFYVXV2MJN9D9','WUDFYTMSAY 8S0S7X5323QTPLU3PRKVP81AAAL9B DSLOAW7BNJ2RXRO5DICERQMACUFYMC10HFGUDR3HR6A6TXYO7 GMEO4345U991HT5K4O7UTO3JJ4787F 3LVC9T2527IQVFEONHNOUKNLV9HSR95M51NGBE9N8R48NRAPX5AJPNNO6L45Y45IBOHE T783IGTDLICCD4FPLI6CBYUIW7GF4VTM30WV0YFF4P3R1OXCYLAXVXAEXQN6KF8X','88ASQNOU6IN6UIWOJ2A1U696SYAEEN6H093NURD9FTS4VHLR27NV7W LHLRECV15I7WMI54KGA80Q9SD2QKLX3FPRIBLDS 71FTF','5HLEJ1DEMMJX905C6ARL KO6N5XN2C','3B3F5D1TBG4DSSW7FA5ONWBLVPLWB3','J9OKASM0YRUV5EOBT48 D3A7CRS4  AUY IN0G11QWN3MMTVFT','7TMPNABGE2ARU1WFM WX'),(21,94,'T80AI0MCQQX98W6U0TFFI3 U0M4H613S TTEFX65J20FNULPB7DETYD5MXCWIWJGEC VQ4A16XQY RMA48OGF0RQF3DY6A 4IKEB','0JEPKXS79GDW3HDKQXWF3YCYXOJ7J0UOHX4LOPC83VWWV E0F3W5GLJO29CY3Y9XVN8KR7794A3WBAG3XJU VDUJ0ML2E3KU1IWEKCQKRGUNHK74NDISSXJ66IAVQVTMV1I5CI01K581WG30 OYOCCKT6LNTX2T 8TTW IX92YO6NYBEBFJT24QDIF9KBW6D37R RI5GTDT7CHVJ5IVM36LCTIWXS0AXGLMUM46HHVOJ4UICYOUM3SI0O7OSREB','TD1YURMWNGUOJ45I3PHHHSIT FE1HYY7YP6Q Q4WJ6NGAYNCC6XAVXX IQOOUGSV43M6D0LPVW 0IP7LRX31U1CIXI7HKWS8RMG9GNVYWFRV D3MIQ 1S6RONRBVXQWQQOKLJQ5K8WO6HVVXAQE84DFXMT3R89A K7LG56SI5Y7RUXG7BIV79HWTCIESSQIO7E0SOVH DJM1WBXAE0P7RD03T1WA CAS7 04OJ8963 6IMR4RN152PWOL 0775Q','V5Y6H82MXC6PHP15WCA4DSL Q39EB5TW4FTK6V6NGA5YB8 MW6880AW0PNNTJYSRK148QOH326RUJROKADMALF3ULBBK3EP4GFUR','KX324CFYEE1 74GIBXA289Y666NMR0','NHLN87GJ5LJ1ARV4O1FSB7FD31DNT8','PWTSAQLIC7SH6LQGHHUCHBXP4EFSJULGQKTY8N9IJI1QUXQ5WB','IXI2BW9MM21O3SCSNYXR'),(22,47,'UJ67PLX3 20XM1A699NH6H0RIUG4V4CHN7FBV9YP6DD4JXW0KFGUS8FAVRJK H7IKTY8KMC6AJAA2GY6WD4 5NFKLW7CS12R36LT','3KCYQH13P2KTFO0K3GF93IDL0KOW6SJ9POX0SAPLDEN4UN0 TUMF20R90D1ID6 E4B72AESY8X2XAUAYOAYVPO7J1IE56QV6LV8CWVAFRGL4DU8LMA8JMVOOOCUWJX54QXKD6H76PYJ0DX8XUITN9O8RVGYB5VOQC796EMLA3JSBE2RUTQIXQUYTQJU9IAHDKK 5LCLP9JN6CU97BXPH2PYSSH43WNIBS1U2NBADTD33VH9QD7CSXCCHQA JD S','U579YL3L2BRQGQ JRKL8CX2L3QDJ1CN3AKKXEYCQXV4QG4D9BDQQMICI17S7I2Y6JTWEA9SD W3V 4EI2GO8YWDY2XGQE9IH2O3959D007H3GPI7DWA9 FANFMOJTXKM4L20RVIHMA28LYNQEIJ9MLVO3KRW49UPSOR0579479O2E3AW3OCK23BJSP11XJL5VN5MOI2MVX685LHT6IRGRQG53PX26BKV0Y90Y503KRGAE S35QS3IHJRBUSY265','CGPW 7M QCQYI1JWTNT6MRX77C9G61E0W0Y5AQ7KCD2RCBM679 8VMDUQCC WC8MPC8A56QD1X9OHE1C6C8LHERAPKFX4J861WC2','SFVD9COBIVR200YGMFIBQ9 DGN PG4','4QXHHK6VGKRI SGWR6DPYAI MJIJ4F','NSQYYTVTSC709F5PS1C6SYSQR6YCGPB6JDCS9IA47BDJTNGF40','X73Y3JQFD9CSHQVBVMKM'),(23,78,'HAJEN T1QMW2AJ0DE9GBWUBU7LVKJNQ9XRC62DIB3QSWT8IIR7UYER7EA1EPMY2NC5KXKB1M39PUN34NB6KM3I31XQKL8KAA9863','YKDSGS 5SLJEJN4L99 6K63TO7N CH3QY3NF61QV4QU51UWCO6FQH4AUF2QETRBV4795N77UDVNP491TQRVWL4VMRMGTDICYCB3HFWYP2S08JWTBRCQP6V8G3XVEUARHDJ1XCT2DHUXTAX2JUVG2N460KP16FSODPN3UJT69P4KFRL8NWVITTT5E5B31LXQ K29IEYE7JA YID54KNFNQ4 4KU4T3O303VI5MFFEMRE5FUBXB2Q9P973DYCBX9G','DRNRTR5CEP88GRPT5ST2UCO3OEXGMLH0YPMWRGGWVVDUFJQVQ45ITA9NNFEN95024MCSAW91PID8Y 0GY2IH59NF9T E8JFB J14NIE8PIPBKKCEHNWC 0RVD5GTK222WLEXVFWXX AEPGKHD6RW9YKB610EYO9KH4PPUDOEO6Q4GEIBU15BQ6117BH001DVOMRB4RTUKH0NSW4IHSM5VG875 5  EV0ORV24PAFJHQGE1AJ56AE 57V45W11P5','I4XWDKLJ3GR7DRD6867YITWG1VRJFBUD2YDG2 ICG4A9YWDC5V82HURU7ATQ9TOCEMRTSHWESEFT 5VIEBME6D1B5G70U33TSK08','OP8CXG3TE5YB9BS4M RX9CSR9WKF3U','DG5Y27M2GEBRJ72J5ABWY6C7EV7NGR','2P63VL4NA4NXQIQE8 ERU6GFRIVQ GQ7PD0FW08VMVCS0YUS0X','6WJBHH7DNWBO5GF3PO8O'),(24,9,'LNO31 MJFA5JAJXFXET5MDWPFPJBL BR3CL JVNAY9JIAU9AR56UHOXK69CIJRG8XJD9249DAO0483DMGJ4AFT9A8D0LR2X6RL6J','VXL3129DEF0SDRNR0BKKX 493PWWLFGJB25OGE BHPIT4PB DXUGB1XAXTCOF3 6FKI D95VSH18EVWR2M E78FX030UY423SVP3Q2QJUB3MQ FASCBSWU 7H57NKMQFCIBK8XLUKYU0DG MM9O9IU21VRTVG93787HBDMP3 9UQEBMRUOH0YS68WY6IJG8BWUTMFK3NLA9NNAHJ4 LIUXRLNS95K9AN5FH9HTQM06SWRRPR9TGQO6FOGIHN2BG','5N908 2O1U43LHGEXRMP7V1FCOVH4XBVY5MFMLWRFB LICBE19BAHA IOLC JOESRAANK8A9H78X1 330DFXUUA9YQ0HBM5NROI26WFSH RLXC7CHKRG0NV2CUTDBBBKXNL1TT1GGQI0AHNGR 4LYX9OTDQ2RE4 26WQ4ADQ87IHDNX41GF105F91DQR4PCUOVT80S8HHUQ6V95G9EIBPT0EJLVO57CG30RLO YYIP88NVTY3XCWWN04MG6UW1X','W7E16CAVQXMOR4G6NEV69H8AAUXE5LUWHX3080CCRMAK 6F7NONJ5XD9HVWIFC7F S0G9JS06619QM8TF1Y6NRDNI7QNQK8QSREY',' 0OGVV0I48MJJ8S5CDTNQNMRIW2D8H','2CP9GF52J1T3DXCWF6H7LOEX5 UVQV','MFIPI8BHBROMB2YHSU94DX9VUEURK9JS1 DBUKL QS98PL 37B','NYK2475PC8TAUERIS0IX'),(25,64,'T0JE2LSKGCY1KI 7UB38BFDEUXXHUUJ0R6S6FG93LY89HK2WR8194AM5J7533DG75N0EFJPQGFVMJK  537JAWHRSIBKC002AW2P','3W5HDG6VGQEO3VAYC0E1OVV5U5TIDHHPRMW1H2 EJTGD3E CNQM 92W3KS36RVGMH173NH3NJ5D9F4QWUOASKA9QWMW21VUORQKD77F6YAEOF5AFOVTMBL E15UIIR0YM16H9X 4PQKWD MAB15O4E5YOQATF4H3E4V7WO036NGCHAVFDP06KC2TVF5EWT09VV5A5QV841ECS2B7R5PG0D5W143M XE3806IVP1AONBCBKDLXI7RVO1O2HBXMXP','XECSACISUOT7D9SGN1JJ2 VRJSH0QXOWNBRVN57ESBCHQGEH0LAPUFRDMNK2OVKJ0JME92OHVUHE8BX7APICFL86B2U0HEB4239LTHX8REXV61X42WNG4RND9CN3Q2AQU567ALOV2GNGDPLVS58KN0 702G4BBKH9A2I3D7NBQO6X0T2SL1P57WX12YCNBUH3BPB4LKTX88KEM5DCOXG6 RTPKWMG1GY3B2YJRCQ68RQRUQHM4 WMSI9AXAAW7E','TRG EVLRIFMKXCJ5FK4DYDN3TEHM 25J 11W009K H6YA6SSG8I 7AVSIF5PBVWGRR8YAVL3I0G0CY1T4YTCHJ1TDBG812E6YWJV','V9E0XS9BPJEVLFF9DC1N2J613SCP8O','HEPRRI0K5CJ4RH66M3HCP2DDA KVG8','87K9W09AO493V98FY7R7VGM1KKKH6VSKWUDFUULVQUTO38X4KX','0EP7EYFDP595G67WVMDY'),(26,67,'U U90MBRRLJUUQNP10560W42 IM5KD0OOYS8KYLOVEGVOGT8WBVIBN9VQE44O03D45OL3Y9CWU6K9ROGGB8VR4R87BAPQAVGCHXG','UVLAP0AIIEGJ W38IDLJ1H9L0PLD81XBFB4B8ICEIT6KI6V731ULBHILH6K8EY9DFIF9E5SOVPMPQ12H  SS35CJ9GY9R  XWN1SDNP8 41JCKMI87QPW5THBT8DWQJ0YIWD0S4CGL1BPXFW388PW9UUT279 V7XWFA9RAYI05Q3W87NY6EXWBC72I5DV27897 HT0 IJEKSKON DLLAD32JJ2RY31OVL93VYR F1HD 2JCE1NQJHHO1U121TJN','TMTO8PPGB4U9HPB5G6J76ONWE6T0DAIW 641IDDO923UHEX0OHLVU5X0ODM 2NTC8UJ50WYMTBCJI1GOWF4E3KNEEEF9NH86GF65MVY X360REY4JXDAMYQGNAGHOHSHL6EXUXSTR6IR07HK5J0UTH2UMLC 9GFMTW46YORGOVO0T7WIIC24PBEJRC4X9518GWLDQT2H40DSB92QGX1 YNFRK6883GEAX1HQQ1VQP0SY96QB1FS1YOP1S7JKY56','T2LOLI 4HRBHW1TCX4BEE5SECTKF3LWDAN6AJWFGNJW1R14UYQMDMO5DF64G62IMP3VF3NES6C2LE5M2QFJ21EETL189UR167B8S','C UXH7PAGP11Q7HURT32MF4SYWFBSR','TKX1FLWBFIEG06KBWDOGS 3PF2R35E','PWF3SOJWA3206C2IOKKDULRW1VSR16TNB0KU7856J9SBDL01U9','0F21FYP50F6QQ55ALEAD'),(27,30,'KCY160EL4I0XB0DD77EMSBG5ODK0A2Y6R0GM4K1EE77IKC0NJY TENJBVHWUGKF 967VFV2CS6DGMD90KQGG415RRTLPPJ8GSUK7','H88OHQKARI K4126EN7VLXNV7H8AN73WJ1VQNR5R7IF8ONB64IDXQ6BVJ5O50A66 ELVCX2UORDWWLH5PN8JK4AQUCA579D2TMW 4URLB Q0KPLAQMD JVG5CMOMFVL05IMQ76JBFJVT7PK4WFXDLLK1E2XPGWPMBC1MEKLMI7HCYF7F4PAIIIAMM9FCT7ITR1SV9Q2C7ERFMP99FLD2KT8GND17LMNU5YYIXF0O908OOFD00PGFRSUBD01UM1R','GUWM63A5XXOFX5XRTTPL206WYD B55O GFOYMAMV55AKIQC5WB803X5HB2BOW 969FMMJHQUW65U2BS3CQ2J PVJ09GMU7BPNUX7J3O8PNLH4MI5PLUCGJ18YNPI4SAK0PSID2T4T9W DS4N9F7VC7SGLU91 70FE38O V A0P57NMPPUTNXMVMV6M74VGRUJ361FIEAUOG6YDO82EJHICH IPJ0B143TUJB KPIH0RAFSWX2T8W9XO12W77237',' K7QQA96YFSGM PDYH7C9BXK2ME8WY24PMJJWU28NM6IAJCJTDLF0GVG85A5T9Y9H6GAQEMEPQU85VOW7TGILQ84 MK24G85BDTU','RUB7VMHM2SYHV7MKPJ6LGDC6TUK8TR','R8M4 4KQGSE6LDHY1TK5IJFIQT2QQS','9YQID YLXS482M41QBV16H7NJ8JJ2BUXOTECJEOBA OAF8AQWM','QPLX80QJGYKAP27AMG2I'),(28,56,'VGS44ULKLQAXOGL9XQVLMKCP805TUGN6EKCV45WEMJQRTX9XAKLQRLY50 YUHASTMCRO6 QHIQT27KK8 QB5CMT7OW CGNJT8XQN','DFPS9OFC4LM196BRUMY0HFV WPYSQV4YJOVTBLRQTQBK603N 0TQ04ARKKL7TII109BH7QF80W6U5ML9DFU3L CDNDQYG38P83C1IK6PAOPIJ7G0 D DK7N1QO279188O4LTB0MQ8JRD8F0 S3H0UEQOEVKBD6BIS2YEBC3IHUGCL9FWSVYMSITRABFVGR154NNGOAPWNX4KM6P81U60E0VJ398IQEQC8G4U3 DGGYFAR J L1924ORUIUR3W5I','XAD0D5VEYI2JU V5LDEOIJWQ52JFKXNFJ9KXB2N7G4TPIO231S9HYCR9EL3L8PAYER74CW5OGW7ISX1CKY1WMDHRG084FX62QDW7XIXFEN3K3 AO475VXGPC0B7H2AFJB2XEJPT5BK46Q0M 85S FDHDDY3R0FIEF8ENP7YRS9Q9421C W1GMS0ADOPR5T2RWN9I MPCUR5HO3X XYM61AURCQMXFW4Y2H57XHR24GD1V0X9763RCBUJ6P9CU1Y','CEXXPQ8FHQH3 WKG7V56VWH2B4J97MABK8WO294WM630V1GP51JELUM056CR06LG83P84XQI454WQSUNBJ14543 R4IVVNGRSWV5','72J2DLW04JE4MI67COFD842X2WW544','LK8PORJMYH3DEXMOWYHOR468T 46VG','SX3U76C5JD43X4WS8WXCQGKTGG8UKVLLB6UQHWGRLH9568JAQV','MS41KUR47KISWAGOE6S6'),(29,17,' ULF JRI4T9J20V81BVLY3G6EIHGBDIBOEWH9K2JX5BF2P42YYH4JNLDIEHR3GKQFMCQ37HG92X2JPHKORUPEG2I7DI5LKNW RGV','LL9V4AD9K8O3BJYHJXDSHN4KU4SDVP5W6T8VWY0QVT8K9CLUXM6UQ7 9HNMTNW296OGMVUREX7G9EF4PF1HYSASW72FK F9 F RYTPLK4DIO9B0QAO6Q5ITTEH1EK837NU35037HTMTYUEINP9DARB0ABDDPN2M5GLL52BWJ7IXOHTF5QS78 X2P5FLCRFI2EWKA2GK3FVI2 F9 EL3QKA8GYMYSVO17WQFIHFWJIWGQI07YJ7IIO7HWR8WYFV8','WSEVWIPD1M3 NX93WTYH9L3Q69UEWFHYMJ4RWEC1DFGGY1AQ4W1D0RAJM5KJQIUR3STEJHX13YRAEWGQ1VH 6 ILC9KAI2VFA16 KTN2C4QK3H5996AIFFIUPSCASO0YIMJPMOVDOHTC10T3TY56CJ8TES5218TTGKYS9N1P H0R425G48F7I1QJM1UBLX239S0IYMVDOA1X5FY70Q3W9Y9JX3YNR6LBHW362Q47IV82V77MQ RJ K6Y9BPSNQI','4O9G8EC34IF4 P85F0660 L0SK1HU IW9UNN64JNOCIL904J5V3SNR6SQETUTMLG8Q8 4E5D9PH1RNC822L2U3EOTV6LO4ET0Q4J','07PF5TIGYGEND9GM4IOJYQOHP5J7TC',' 8QQBNWLCYCIIA5UVOE9OH36UUTH3R','O25BF3BNS551DLE2NAYXC92UUSXHUC5CA0LY0ULHTJOVKD7R5L','D2RL625ENWD852IWFT0G'),(30,15,'MUWANXTWV34XBE8F593Y39EIAUL9FU70M7VMTMP1BBUT3W7IRCHJ64Y8EQDVK GN84D68TJ9WOA J0QKG4Y5BSPSME0XXKX 108G','YRF80MGKKR2I3E0ROU 04YCS7RFLGUA2XM6AB X9M1ALD7FBYRT5BANVS7N7QO4QICGOVR6JHDXQQS39J0V57KACVAP7BGVGP5S4OE5QBG7F 5CU3WEJKJ9IS939A EVSF5UG U3N3WLMWJ5JW761MLK5HVJNPLICR5EO99T68CJ1A562PLC0VBNUJMH2QDV6VTSMMIY02DX9BKW61FQO1IR15G21SQCENUEE4MHEUDY8HA4LX2GYHAU850LUCN','YVPUB447E7PG25UGMHHLRNNQ5A49HM6YQ2V6WQSYXLKCJ35U93A4APWW71327HG8EGXD31V10YJTHV1B5GJHNGQHI9V2TPWF 3WP9674NJ3MVWH7H5J6LVGPQ8PO30ISV9BWJXMY4RBYE9GTR212NJHOSIDTPTBLNC61VS2005PEMP09P4CI5R8FWO7Q16BX8V3N TFT5HEXSM7NDIC76H4TJK268UNSRM5MDSNQNLYYY24Y3IC9NANRG4C696D','K4UF9RI8VI5UXJ88OIFC4SPHG3NQY426Q5KD8587QO9P7D5S4IWBATQYSSBO37FKX01ADTKV3MBV720QHC6PFEPM81RYU7Q31CNH','WIM0PH70 L9DKGWYDHMVFOT ONWXNA','WLHPKB7ODE9EPIS3E14R17GR7LDVJW','FJ52PV070MHWFSU4SFYE4IV4FRKPQ809JMKG9VFTLVB356MELG','IGNESIH1RMYJBP25SH M'),(31,8,'X3281A RBYCU51IKDNP4JXQ1Q6HA9EUG82YHEMJ600NLE2BYS69V9JCR62121UAA847BC664 SDI28KG8E9F3IQIGKFDBU GP49J','SS1N6JR3X1S3VKJVNYOBS0U22AINQUTKSTSF9TN81F5MJ31F1YYAABUAOQYDSESB J0K8TEY 969XQUJLEKKTJ90MSPQ15R3YAP8OW0EP0QIJ IRSYJC4LEI9O8POS2647WKJO32XRQW9L42W3XO8O4INEX972KAM PLYTQV5A7R7GAW SUJI1T5PJB7DXMGG078F7L5N 2FSL50XTEUJ5CX3AUA7J68CBIBNVUMH C0O6EMBIQD6M6S8M3525N','FQVUNP6J7TN5J3N6PG47JID01Q0IQ99B4RS30KADNCLGMKBVB9YV0Y0E8GUHOFU18HQY7IB0NXWSG58OS5Q2P 7C VB9601HF9W6H5KW9NQSCBE3U3WQ71SO04D8DQS4KK TSUDAWOTKA6OGK5F5X9K4BFI4922AW3ACVI1F5BFK6G45AJV  GFE78Q5H3U8VNJPBS0EY3COLKOCMP8DB39072MVMI648837E M7JLX7YLG5H64TN9 G5N99XR3','2EKJQO79N08VM3E VY1TI6DBM1ERQXHTANQ0E9MKEQ4AU48XESQSP3RUG7UWOJMVI8IHLH0VARSWN497NIOEMWKLWWJID5 OATEP','7EIEMJMH22CN2XWFYXR1LFX9 V0LTU','5296U4V2C3LVA56VV 67RQYIESU48S',' 92BUX O0DI8EYUBKV59UHWTDPK8UM3IYNIH8FA0PV92KMP2A2','V74KBBH D7Y KSXH9JN '),(32,63,'AMTOQ6YMC8A73AWKJ Q1RORCI7LU 8E8L9VNUO0XQNGQ6MVMK2QAN0F8NN1N4PIRL9E8W6JKP2C182U7C XN0HCRQMQ6FL32OU5I','BDV9BI3OSXI33712UV63YLA3Q4 T3CSL54DBYRJUL6H6OM9EVP6G90U8POQP1E4SCAXD3TJGLL4 3 ESKCMRWVIA10V9M4RUEQ4XHP5PAPY7APHCRC6AA7NI6UHGYCNDNOO29C0W6FM6L 77BINV9R96K6SUML91DJHBYDGBLWWQTQYKXX0S21YLJA7KL8SKP1LTH6F9UIR82QPL8 DYCC23BS988F3MS8868 L430CJYI4KQB1Q6UI30HM B1O','UPN79PSYI7TVPWOSQ9924TX02J2GV4PUS7ST78WSG2F5T IVBJ20W7E 710WYPWA DJU 2U S8H LVHXSR5KLSMJLG5O32VUA1MEGS2F3D7WTLPVNOJV0BOXYVMTGXU7UTFNFA6L8YIG2HG4SUY3WSPTF44C575KB4YTLRWFL6 5W55PJJPEWJ2FKS1C76BOQ5W1JL7GX3SNTID4MUU2M38JABFXHD TGVKMSJ4OCGUK4OVE5L BGDWG UY8TLY','UWXYIP17VXNN003E3OLBSK3V24KXRWWJNM56IP1ECEMVNL5415V6J6KOGSEB USA26OV23H71AD 8T5YA2VR9MBAJ SQNFLUQYPJ','D2SURHSEN1LW0NKKRUFKUEKUBKN0CO','0WJYANIAVGXP74P2D1VNR88WL3914J','7DD3G1Q9N9XPNMKV2  LQX XMH7V21T3R BPGKQRGBLIG0ALE4','Q89CE0ODSRIQ9XH46PEH'),(33,60,'R3CHR3KB63VAWYKKYCKMJJMHCJIM X0QX8SJXSY78E0CBLN49KMFNS8VCLQG683BW4Q5GI5UGJCMOQAYSRJBO10J4COHBM3SGLUI','WBARB4U5CGXQYO 0V I5RV7DKGT0C5VQGW2CNA77X1PJHHM6LEMU94M7WU70 ADS8SU32NOPT275KA T G0KBTLUFMJTEEREN2O1MBAUJ7O40XWQYMCHPQ WOF7IPK954OXFWQTJN0N07MYCHCLWT2GL8SVAG5VB4I7M TTDQYXO0 IQIX27IEISO4IHT ET4CF6LUOHEFN0T1SN1M938RD0OQCOHBD8NVRRUKGTCP65L8PJ4K1AWK1HXXWINR3','M1B53UFRJN MBWR0MWBSIUF0E0VVGDM MA9TMIDXAN4W SQOLLU350EI0XM EX4DH QD55LVWIMCBX3MHAEBUJMHI9B7D7U8WAHR3PC29LK MO1HPSOP3BIY3IFD9YL74R3LX472XQTF8B3YBE38A9Q3IQ6VUXJ4WDU3370LV310H   RTWF 2A72CNW2Q4YIJV84MUMOANMTQUM632KOGFSJ3N7SU WS 2JJ144DCVWMIY43PEIXYPHB8S8 Q6','3KLEOBCN BVN3WVOVG1PF8T4OYQQI5MLJA0IRUEVW9DUANFGHRNHYJMVL18MT7DJKOC6HV8940EMMH0E0BJ9RTUITNAJX08XR99I','2TUQYU46061KKPI83MS0JNALX3G5DJ','G2K WHX2XE0MPGF9J QNK DL73TNO3','FLMMD0PDU4M82MOX7 HKNL8GL8U0B1QNNHFT1D96DDHO84661N','O8 WA3XPUYLJ8U9PK4N7'),(34,17,'MCYKFYYTP5GJDJ4N67VFXW2BI02LRI2A2NNFBP881JY5W8CBVO9I29E1IIXU04GT0LW25OM10J6XRC6RI2I6SLOBU639R7D1IBHL','OHG28YKV37WUGJFSIRO0DKD0QJU3A2ESW5SY U4RT92SLLTOECM0N0K AT0AA8MSK2NKC4QQHUHOY2U9IEHCYCJIGBE2J954LRMH1WD9YM8HUAJKX32QDGQKQTV58X0U5YTLKYXPCJYKAD1LXOQBRYMXTBSMCJDUOIW77OFD3KSR60G85NEMU4OCTV40L7B YG 3 6WEVYE93JX8FKJJ0THG2T98HK100 UCS6DXN 0PH1NC 73GIMLU4J7KC0R','K10BUYIW5P5YQNINTCUILURXCVMRA7LT0OM4KUNNW SMT573269PSDMFXM1JOR3VV0I3477ESJEJGSW0YJLP KIVTR9OIGPX3DXIV9X7VJX5PNNRVKO95PU3YQAI  NGFPALHA3KXPDQX0X  2B2M7O71M3CJ6PCGOXFVSGBMGQIP8ST7HHNWLLUM7P9Y07XHI928FCRBV2K VTQ8X2HVLM XT7FAM WL6RE1 ML7OG WO4PL50YN4F 2KOQU9F','B7FV085OAVOTN3FMEBB7E4X6QE7P9WTDAEU7A967DRO2VV1E2PDSDQ4FWGIKS345GV2DJ2QEC08JDS4V81G6GCARS 52K8P02 59','PWQD085DEX3W6PP8A20JW8VTLX2DF ','KT2UGCMACXORD6SA4X3N82ES99PWC ','TWE1VERFTYJCUGTO67HQCB648QG3VRW1Y 6XT15V1D7F6NWC4E','FLLG3MYCMBPJOMXQ81FK'),(35,83,'I37SORRSHVD50JNPJUTOR1NSMN1N3R6MTQTJ2RFD02T8E8P5WOGKDUN2THPPTITUW776GW41DEA93HNYWJDB0AD3 JAJK99FRRTF','36EB25WCPH3GIXFRCX170EC7Q5ANTDLWEVCIWOHER2FP7DBAJ0JK G8R8P2PL84SP38AU8TV0WOC4S6B6X981DIB8304QC M993SSF8QQCYASW2QT8N6J78YTG36RBGVX6RRNTI4S574RCFNI W XXQUK83S9R26 2TNCRMCGK12MLX8VL1XNENFLCLGS5MBCJNKWNSUP5Y Y4IV1VTX6EW7K3XF0T89FMG89OL9VW6FE8G2O1TK2NNVN57KK4B','4UEYSBKNQJ1N9NWE1I RCTJ857DI286LBYA3WY2GBAVXGXE0DY9D1Q1KQIY1S3AAPF XGSQKO4FYIBDTCA28KAK9W2 YK8HXLQFWB8HJ62VK5 IYOCXWMLVA1UNPB1WG96VM07YO93MSLJC87YQ1D8J7MRKUJAEJ11RTIYLVE2CRJY34SSMHN6VA4MI696LFBHXFB5LR3O0TCNSQAI 7PT H25OJ0BY5HJEIIV KVOXGRFAUMLKDDXSB XE1VPO','FWCKDGN9NWHO A64QO9HPY2AVMGVCJ4J9FKMMKR 7C0 J0L9L6AVOYEPCNJOU3WS0RWPQK2MIF98PN2I2008PWUV46UNC2FUETWE','6CXLX6JMHIIUWV0MPDVQ28OR4BYWAL','CPM9F2W6OVL1011RHBQT3EAE2NUAD4','AI0H0BAROAO51HG9387YGKLBOXQHUYDBUB6VQ6SYP5IGQQ7QSE','VFGEOIBC0WUU1VLIV5JA'),(36,10,'PB24MVUGEI15G8MYPYA8SK7T0UVKEKGV PR4FSN56H5Y8GDSTC9E17T6L30QY716P5YEX0KLWCC436RIU24AU4Q7C7EAH22KXRO8','GJV DO5ITK2BUJP9ACN2AB4D4EJ5ALVKRO0BD 4L115BYW18HL3HX5ESMBRBR239KOF6M5V2OLH5DLAK86I067J0G06BQ1S7F5IP N8U9K51R1HEGJT7N14M49SCYIBQNDOVP6H793540S77VTWJ6D8KXFMFFNIICBCM9HITTVKF9KLX0QQDW2GBWLTLIPPOEJ1SEJOSWAIU 8AV4RB 66 LXGHOS6URHB737GWN8D38YSGS8YNKQXGNMDRH5LD','9HNAPKHAG8NM0KQHKD8SE1DFRWUP04HUYN8P8AJGUC R9W0VVF6AK9CAJDDFY9PLQQM85O3C3SEC17K4NP01Q0FRMKXGUTUW0O6UTU4GUW4 L4NM29 R5QKCQEXO8CNLJKXWEKIA17UTWYMOE9SIUINF 0EFJX0GAOB5VA95VDUCOOSGB0PQO4QBOMTEWDS4KEERW2CCS7WGIWK3R0IC7 R9GNAN84U6XAPD0OS JPBGPWCLXXJMW4UB6LBR9A5','2 DG 8BUA9P631G 615E63946VAF581FCNHHW9MRF6TIJHUU8IBWQVE6QV5L1PKIW45WGX70Y 7W76UYFUXOGCU8S2HT8QS8K4FU','V4Y0QE7HN3IN4EXNUXBYGOVPYXS873','Q8A594NPV RJ4241QSB6RTAGRB3X3X','M470GN39GT37GUBCE2VP0IRJU3ORWSIWCS4MI9 WYNOXM5CJR7','P04LRHAEI3F5FTBYE9LB'),(37,48,'E8RSIO69F0CD43P3BG53YJ7IEG1WNEC IGS0UF8UJU5YL0WR6RUGAS1QMYTNE8MTKRI9IKVE96G3HGD9K2MDKA0 GJFKV7G69H9W','3C2JIR458JCU35O6PM0288P32IEKLC096U2TVJCPYRXMOKH3K35N9 TPLEP QFRKBECVWXKP4ACHUHWMAC W JYQ9NB9WUA2 QXUN880CP2IRPW6N5J3YGSGID51C496DNT1777CSPDYQIS16AOOWREXBQW9ECO AWV5Y7R5BYGG8RA81K9HP381DYA7O40G7BV3A2ING4HWWSLK S0JFJ5E18WCVL398RH2U7LWC0GDIJ7OIVK88SFGBT6HTE6','AG9GX4C219XBLWEX8HPM4K0MR5O4GPWBIQIDAGHNRGRUKOVQVOT8NIROYCDWASMTUKMBXURL0G1NQ6VVTXUQHJBALPXSOTXM8CKGKBGEENR1P2QMLX1P75CODE2VGE24Q0TQMWOWQ0B NYNHVU0G1XHA57X2689 O28X5OH8V0IBDMU9HGT4WF5VWB 302M5FH HVRTRYMMLGQB1G0WMA9TGSI7FSM5TKSTR58K57F87 317WA5LF4SC54WA NQ','59FQSRUSB673G4N1 2TLX7YB2JA5F9DS2LATEXXK3ENFNW2O4PVUMAPNA2VRMEOQ8GTCFFXNPP17XH548C89QEFS DI44903KBT1','KKYY8SWIK78HR83KTBD97N9QHQ37D0','Y DVCJ4CJKURS2 T0E443E29S602QE','J8NW5WTHQHK8AQ0VUCR XRKNJ4LDY2X2IYF 2QTE4FUJ0CD3TS','MVJ58DD3WHI8I3MGU7TX'),(38,61,'TMG XWGCCC 35L2 C0MKKORAOEKJ19W248I1LAY0JMUYAKD OQ7LCJI2IE03GD00I68241RHYY4C3RJWNJ9 06GRJCJ 77IYE7JS','AV UPRIN62SGRND7A5RWQQI7KE LJL7EJW4RV6EWRC4DBBT6SWM4A2L7WBPQG9GMEYN2UCN8F62TK2I9LMMR7JF92RMPO9RLFNY2YD3G0JXY9YDT UE4SGEG05V8EC6DJF 2JRP M6Q  DKOLW9JBD2G4LC1QGWM3HDEQ5JNUL66B D9GV6DV64D60IUM BGUSEIMJYXP4JROP7H2NR1JYFWC4IHYFWMX40S78BPJUU2ESOT9V9Y85Y98D7QJOD','N8H9Y6X8IOXKHAD3002JECBESUDD24M7A36GI5155SVJPS XANQ6EHIINXL6R8DUKEU5F36EPH5EGSS4NDYNIHO87CH23NIB5B6E28WJPD672L4WRH27AX6MHCHS2KQVM84M5KE6NBID8A0G6LKKN93UCGBM5XDPIYQXTVKXUIY04Q33CK23YM3 NIRE6JF58E9TNQYGLDCO8JP3NKFL 0K92KSEBVJG4X3EMJPH2OQGJ6TRCYJEX6HVA1IJAA ','7IUK6OVC0IGWKMUUPK1KDOG394WRQGWOGHBUQS33YD4PO5W9NVELDIBR3CBLOSTP1M3T16222124ESBUJ2XFU4FNAG VR3J5X5PB','UUYMMLE2CXGFBQAEJ8IMVR5KWHEXHH','F54SKNC82OR6FPIYWMH QLO57XTM5E','ILCLWL6I4ETJUN8HC2WMPWD338DLRDB8BQYK084704V7C53HPQ','6QE8B581G3H 0INQ71YV'),(39,20,'I245JXTIJLQNOD7WSSWVWNYGAPFO8J72TF1KJFYHDGMG2NVBTWV42IHXKAV9SUBPF1V44784OA7YXS B6T8VYVLFG3MDDW9C8DHN','4XHUA IV0 Y1NPPG6SGOC7F89UNNMMPCSU SSYG3DO6BFPMVRSM6H9CW5CB1PQ28N0JJ6I3OV4XNTE28GTFB6GH11LLVDBQ92IX YCPAY18E260M4JB1Q4 KEBN24Y4EFH675I9365A00VBTPFYIX3Q2T4TP1NF85VNGEIJ04YO50NKA4XC16JERUJT RVO2PIY1S84MC 7LX664CDQ2B2FI3YLAEEMRK80K  D3GM A5GA1F P6SN2V7SD3OHT','KSRYAWWOFY1DWLCYW8LOPUWFEDOG0IN5HYUI69EC878X8YFOOJ0 BAHKFSQKDM TFWA8 J 3REBW97QTRGE4W40W GU6CKQYJB1F4UO6FIKMAS9S1ENRVCLAPJOGOBI4JFW0 5P27X23K26808F5OWNRUNQ77M4YNREL1DMBLFOXHA VM966ROVF4SAWR7RBMBVFRBBPK82GDKIMG43HNE8OVCCO9NU6QGGFMOU3OXOLM0QJIW8AVQ XU5QAKI1','DCKI3AWL7Y9N9JVWHEYO5VV38E9QM2HD1316HATJ04EXDYWT 7NE87AVMJF1BYPYWN0LTL 6IWOVCG TKPA5KPMW8BUB1W4QN5BI',' T3K2NHIHTOAYXQGJCWXF GKJBFNWX','DFV5PJWKD0 07TFNG59DBP84L1LGQN','WU413XONKUBFEQRTCR5L9QWF0LBS8KYMT9QKBX8M6Y2K6ET3T8','CYT36CISK3ECJ0MU4V1X'),(41,54,'B0IA8PVES403TAKKWJTOWKMQPMT2QSHD JTD 3I TH97CF60IKPRI6B09 PHWFCU7BLFWSR7LYM6URRV J2EI0XLKWG1C11OPD 4','AJFTU9FAGS6RC2L37XEFCTHHWVESC48NKNR68JJYD2C08L E5XO4799R5X6JPAM7W5R6LUFS38BUF2S9Q1M446HUA50TP1OA2QITAI6UNCYY1HILG016AC8SI7YIT6CA7AOICNW3CRLIXEL92UDDN2MI9 PYC3NGRUC0NXPFSV6 S1JYNLI7XGTVBJFWCWK0DL8KRRQNVB4C1DVBHLVLO5XKN0SGMB510VJS546FQUEXYW7X77HU6I7AMQ16TPJ','WTPUO1MKH8KY4FD0C7OIC66NJWKECON UFOBNQ0O10LAAYN69UR3NUNSLH49MQKJPYSKPYEJJE6FH0C29HVJY234C6WJ6A3VJI0 YRPFDL53QUXFBKW6FGT6H 8GLQFH6UCUPEH1OCF AWFF47X9JVLTMHK5VHF88DQDKARHE4UNQQEO73WY2AQE109L48DF369PGY4A82CJV1Y5UNYC1T1LUGRQWR4QXY1UJ4PCOVX2WPO92Y5ESSYJYFKDX02','69QGS413TOCYFL6OP54O9I6XWD0OQOX27MTB 3D9664 N8TM193F1RGWVUHN84VPTTSGGLRCEWLREYTE39WAUYOTVNL1C6VM 17E','8LTRRUYRM7LNFERUF6H3L7AJY4EMGU','XJNJ4H71PXVTS1QPRS6QINI379A5KN','L674R20QBFL0WSDP457YQ80A LH06RRRFYOS0611SO BD8SAWC','TH5G8HS19 VDX0 PM0CS'),(42,42,'8NFNPKI2X2GUIYR0VY54QFPDQ71S6W2294WBLBXSESO2P 325A6NA8PYQ5BR74L7QS2WUC46KDSDH10DY9Q9T49JHCDVQ99DDO7N','6701D9FC1MGUF7H1A7A7USPIATF1GAEAKVPX QIV5DP V0SP0K Q8XVKQ6B65RLN39YVSHJF0T8EXHCSDQ4HE5M69QYVPQO63LCMWACLWA3ACR4HUIGFV2EHU 40SNM16AV98LTYDFU7MJ6 6X9TY0JHML5WQLGD8V5AJKY0AWK508JCF3GFSUJ45CV7S8B6F39NBWM4RMUJLVBJW9CB88U647P1U08F9TVNT1VJ7LV587MG7YW1 D FMAIWNXE','88I1G03W3PFX7D9N7RQXRDGY30Y I 4H6HAEO2NH 0SPU8MLCMUQWHAGW5RN 5BSHWE4HUF8UJXUEO9SDTXQICCQ4Y6TXRBFMJ2RP82G62SVDG3Q46QS0Y2R3I4025B2R MPD8RT908AJILA481T5CDV0LHP8T1TWKD7W09C6J8IYWRRS1QJWSSVSNA8OFP5T9NHVXSJOCRTYW2V8GNMJPBX5QHUTU4 0PUN9F59GUUG6WMPFXNLNNJLLM5PH0L','6E VQ1CBFK0QPG9FPC 2X8X78CLUC9P1QNXHHOIKUOHXXRR5MRQGU3B178L3LRI1EE2SOPD1NO 0G4 V3W04F8Y3JRH88RW0P8QW','G30JA4KDES1UROU71UWN243V60Q7XA','3AEG8QR0VHRW 4BK4DOBFN3WP1FF6C',' A2Y4L0YRNX8KMT82CKV49136HE3RNYOLRQBH7JB0D6QNYNOHK','DR56SHQOTVQUNU2K5MOD'),(43,29,'PA72IUQYBWO9LRDKAWR65R7SQ73N6Q8K3OW1JW7W5K8B2T9906GML2BG8CTJAJUABM5 VBGMU TQA82BD3EH50KLRD4OK3C38KQT','6H3A1UGS90183L4TKFFG0M8SQ5MGSKG4K2FXWK034N9EBT3OVYU1A6166SPIS0V7M4 WMYSSQK8TX3 GLSLSMX6NTHQE5TY0BX8Y79H1Q4V1PGYQ7U97QYPF7S8WTDSMLYWF2EF3K3A2SPY51AKCQ38SSMTA4W0693R226MAPHPHQEHDDJER7151 3BEVA1W DS8E2OUFKHCHWP3DDTK16DH0MPM7DV G63RRFX6 X6BGCH03S1EMQKH2Y2TOM5','5QE1BA5S1XJL9 QW1GJB78FBXPFXAV8NUV9VGTYSXOIX2H1NOB7N CSN MT9DLOML7EE5SYRHUT7 WXLMVBDX9X7HTNCTOWJ224U TIRPP061E5YFKQXTX3LU6JP99VKS X VAPWISQ3NY YM4JDR75HHU7BW6918UI27F7CPVSRNBGVMJ09BMMGMBKT92E6STM P5D9034J9171Q3GPHKO9FANA9D9DPB92K98U2SXA5FIR7EHCM56M0TNC8AG','022RKQH5PPUBDCJ4VQDMPEIBHOL0F6FVKYKMARM2GAXUYAXU1VO8KUW1710R3 A4EJ88 XHS7PVWYC4VCUYUTS03DM5YFLWHYSFO','JFDGA9GNDJQMI0ATM2CAKP37MEEUJP','UU6XY 65URSHA YI5OU5E34WSTJFYO','BISBEOCHIS029GCNF2VTNUBIPBE HJCANTO5Q9NDV UTA80711','4NVTOVIUQ9KLRR9UWUCW'),(44,27,'G4O4QRQ1QW6WGU756WHC U31FUAY490DMSWJGGRN39PL0J9V63YH13V0 TD YAM HO4QFSSAGCV1G8D7W2WMRAWSCTBM6E579JHK','EO38O24PGDHXPXFP8L82UI4613686I6Q3YMQ654N8Q643URBK4KK259BE9ULU88XDPEL2BYLE HX9GSO4RBKH4K48PYLB7BJXVS2 WX0QUDML 1G1BDQCW2T6IKI2A7GD359VERRVPVGOTKS97LM7 AXSEOHWG700MW5WHU68O1JFIY6IKWPY6DGDTDMTT6VWFHPLW0WYGYW0TBI85BCPAVUXROU4OI7 3DPONM10FOFWJ95RDRUUD0TCYS3FH2',' OCY068QCTTHHPSIU0XAQTH5QI15RE8FG1JW0EXD4J 3BHGT2B8C4T7JK1X4P2EVO4XGLEL48XWW2RGKSJ4HS3H0 281LW  TNE7EM4N18967K09UL7 8H66IEVB8RSQ9MD2R7EI5R7MXJG8AGRIRE7IWY9V63MYQ4UFVWD3I2IB6 2TIBG4DXJE8TF U2AEAD93M6 TBRDQQV774IJAWV56T9WDEHOP5TO6S29V1PLT5U9I2IVV0L11ANO5PRO','PURFCOM16VER37KOTPOCMHE0GP 249CBXHA76H241R4HUKYDWHRG1P597TIWVE5YVQ HBXTIG0S9QCIN381RTXAA5X8NGK8EFX01','MABYPNE2OPOXV EVQKF8P4HJY9VGUO','X2SKOOLL1TFG46XJLIHU5FAUUKEM2D','0QS140EWG8GCHW6JY3PQEG08XGQFPNPWB2ROQ2HF XL589LOAX','NKBC15M189WHUK2IXHHV'),(45,76,'T HL0VOCEWK6K0RVRVBVKUM2GPEMDCRD 54MYH2C2TV122QQJPL9KYE Y6OPNYICRRNFDCNU H55A1 KUV327H4ULHR81VLVG59L','AUEJSK3XKHQSVJ6L3WS1A3VTMAJL8OU18MO6WUSFQ0RO3J9632XYYM4 1I4QXHYDNR8SLRIJATL337G G6A5YP5K SUGXDF9YEW25SVLEP6E AOPEU6XLNAUWXN70GET5PIYY0VRUGC9466RQRTWCA8UXOCT0A9WYVOOI30 5WXKYPLG0NCXT 5DXYNC01X4O40QJ32YDVKK391RD9S5UNM2BK846COWBO XXPC4DAVQBSYINB31APK97GKSVD7','14CLSKS68Q860X597JEECOOXESI6SAV0XBJYJ1YHP7YCKN1H6GKRM2LHSUS3 ERRU TSN 5RBF9LGHAPWUC1HDT92DWDD53EH9W70 MD5BJX3G1S4M6A58KSYNIC71GEOWV64SM GBO0JMBUQCUBGB0W9CN4DOBIG39C628JOGWDI328VXMOWF7MYQSLEO5SXO06 LG8D9UBD 7MQ 4RN94D9NSGJP7HGWGY246M9SMW5HG0PJDOJMLREEV6LEQ','NJ0DLJR3FHILYJ6FL OSSK0GRVFNKPW QR 2P5L9 EU9AES68OWMQ0HHG3HXMYYIN4WFSSKBXYSJE8SUP1O 6FBA06QQQVGGW5LI','R6R9D2JNH 1WQADR8GBAWM949WQVSG','TFABXTQ3V7 56RAN6BOX2CK0DKPO4P','MG21YRE XDD777BKJVJPPAYVHFID3DV17AN KY YE8ADW6 QR0','I56D3LG4143T491FJHEI'),(46,40,'M8S7EXGFWVGBMVTGRYD0C8BVH5W991OH2 XM F2AL0HGG  4C6DQ7KORCC3NSTKQWQQPKHLU7W2FA 3689QS10CTLEM96GN5OWDB','P2IF6YIN9BTJB6HRS80T8IL43EDTQQS8UBQ8MA4V I0 SYLHGQDVYSPQYG5X 0NYYB69T2U3IUWP6VMEO31XO3YIMQ0ASP7K4TP36IGC 66 XS8RVKR6673BY  6ITRLYEVGX1U7X751FU9GS2UQ695G7SNYJNN6EFU AD1RAAT9XHMSJCCUCL8S FEW1QGXT1GEAK9OGPS NFFOSXXQ5VLQD04F6YT0148IYVU34DCLNN0JF4VP12Q8TEGXYGN','263BXHHO570Y2DNKWAIM8VA0J182LGOM5INWTEK2U2D6EEOPTLR5A4VDVIE5H5N9R91KVLL4YRAV FAA3WS2BDW24B5S6CB325F09P  85CIRXDUCKTR742A2HMMTWD6456FM4PSED9225HX65B99PQ8AC6XXF9L IRK 2HT2X00N2U5 LU276W3FFBGGD GJQUQRHMAPINEOHB450577F76WOPISUAWKO9OS44HR3EROYFIXW39R20R263XNVH','H2WGF7Q1ASOVDI 76AHR56JNFIJ7QT34SFQ5YO090WUA6B4KQDJD79D6E007BRS79L3A8OHJL 53JKVK18JUXSQBV7L7PWU7S5L9','BD3T2JE398JS4S6Y24DQRFJF 6EPUV','TAAUTU0NRQMJYWE39PKK21OXJDSE23','EOQYF4K0RQ2XJOLGL801D EX 9JNB8 XQDSNFDQIBQTH0WYHMT','X5WUA5DXG0F6B243 G5H'),(47,64,'SWERKLKRRIXO8XK37Y9H93HVM BJDQP3YDC7BPPGGTH9WN3F0FCCCATLDRNLHFC3LN5GEE5ALELIY837SWNGJI9O 7CD OKY6N6P','CA5Y3 C7XNSFOOBUE9MOI7NM7RT0B4I71M2LHRKAX0CNB6H6XLYT36XSFQIIQD7P2JDM FN7D8O4ADFMUK50F92RWCG5HJPA650FM0TJR3VXMJL4OSNAN61 FCL534OAQKVPO1NM8CVGEHTBMWR 2A6PHHU0C65QQ PEIL7OMRKB0ICOJKNO5E8Y9K2J2BMJWJ6QPAXJF6OGUIWHYII8KVAKJG TCOYAJHU8X8O QGY3KTJQ1HCT1NY4S164DWF','DL1LRMVAVEE2XMCLW96RMR3YNSEX4V36L 1KK5F7EDOJR6WHW9SKTE3U5YNOBH29WHVH3RORO KQQ4NNKL4WNL4JMAM1PGUTSQVPJ503NM3TMHTMJQ5YN0I9JEHKVD44YXPCTXPJE8OSTAJAKM9T09IKMKXL1SHL9SIBES T6A5BDLVPKPB9K3A9OGY838F OJTAHGXUGTR 0JQ9M JUT8UDQE1DMCDCDYIRXOJVRA70471O 1IY F6BW50QRTN','S2Y3IYH8UACKKKRQ73VRWPLVSGX5LENBYCY 4XLK1RHDTUQK1 65PVOID 45B9YRXQ27QU21X VUNNEG9U8JN9GYPR7JHO2MED5D','I 4EU484J8 J2SMVL991NK8NFSQBRX','B5DCMNCL2E512GYN0U9SHMTKQGCUGB','1E6O3N  YWL69AD3EPC855 H0IY EE1D07R80B11 RGR2W26SO','5QTYC3C68V0MRDOKOOWI'),(48,78,'MOEVUXQJS3M09U014DAJA2NO7I4RYYY2 IPAXQ2D9YHJ73C76CKTICV 07X58864VIHN59YKN1MFGU 926EDWW2 WCE905AX678P','X7MFNB694HMDW2TFBCXBW594R39A6IA2EPFLITMHRV6HS38VMAF5FFS 8XFLD 4T3I8URV3WG2337E6FINA5RCQTX9IVC8O8FN9R0116IHBTOOYFBL97LTGVL6IG9TMKPEWG6PP 4WTP5BK5CIDN4MXAT1K9S0777DOJNYV1BCVEYJL R5OCY9VD6JWM YGJ0CA68R3432T3VCCBNGIR02LC2K0IBHXX7IM22SI0DN5H0HSK1R9UP43JUDGDMAW','2K9JR5W4SX2U6RXA7VY9JSNM3M7AQHBBQQBA3JX5UWAM5NRIC1PR4YOQJF4N2T0F0 F3JQ WCLIB 50V0QSLNL95E1B5AY6H24B08PEMUEP2FFEDI5TAODTT0R4X067QESF35ON2FHK41XVIMCXGN5W93NK9T2KX0CRG77FHIUFQBCGAH22RX29JSMAE5HWE710973JOV8A6QQFBNWQTRMS6M9NNDL1XRSKPVGY T6SQJD6N274DCJJBI0KBSTX','Q0A1C3EYVK7ET77PE6RSXNMJ1OXFLANAM1Q3DHN0TMPCC05BA0A17UW9VKHLLBX1RBHVG5023YJQDXUSDWX2F7P8AJ1OOF1YANIJ','7IBN I6FR14TILK853J21MESALG2WJ','BECYAEI6A CRW5BDK7 RMA0WOX4WDH','JCIVR6NLN46WXW270XGD 7B9DF0TRYMMG8YKHX5JNHSSGWGYHL','E704XM73RGXW04T07U2C'),(49,80,'8FHAPU2FD1EUAS8JY2XKN6J8VLMNCTLONVWXUP30HIX0NW4172OEHXXHN9 WKYJSY3XX2HJO4349MP6AJRAH GAWS4Y3XTLCFB16','T7 2USMMH6PH4VN0IAU 8K7BPRCMDVGXXYGT Q 4 EFRY3COTITDRAE6OPCRR3ASJICGKI3TK 3CQ5VXQVDW82PQHG1FHIV9RXWN33A VEG3 JUDLL4 LC39H75U4PVK6K3MYB6Y J3LBS2UACFRSFV8JI3W9193YBQBP0N9JQC1D9M882GYVKJ93F45JW9CQDCATUWNRNDBR8WPC96YUXY43BARNHE0QCBSUEFWBF1X7WJH4RBUSI7Q 1BLAYI','63DRV60YMPWPEK8KH83VRCEI OD8DNSBL9R0JL37DQQE1BTACVTAJELD32R854PDE4J777RF4WI374EK0KSMNDB1TFRY8X38GEJ16JJ8D3SDDTU2UKIL2JYGMM ME 6CLUVB5LSUK5FXJJS161S4DJR70EHJXP0UO201GRL78SIQAXNFF2NAKHQIIGG5MXFINKMDWTVVWKGSP OW1KF99UN9OBH5TV SFQPKTXA252YCC5UOFGSHLJ313HDAE54','V28H21BDSNNM1PN4DDBP7972UJ53 VS2Y8NOVX0L2FYGH90PP23R8PDFWHJ2PKWXXLIEEJVAXRREHC6VT1A4VYLCACB70BDAY45U','1P7KLE13Y54HT5KOBDE1GDFJEBVIUG','TYAWWXVH67 5LJHHJ7ENFDPQ51MPQW','05470I8T3X8DICS9918NN5UCY2ORI9F6JE4WVC60N4P8NE7W8C','ROYHRN7OU2CQ85OCPNRS'),(50,2,'U9L3U88RVLP773726H8V4NAS2SV9HGSMQ IH2VYEQDXUWCNES42E61WHGS6F2FNV5M4FO9P74FUU43RTPXY2YUJ1L IMAEYH66PF','1F5XPE7H74K189RKI2RD5QPXIET8RIYM6U5O044DNXU9P5UO 9VNBIH 91QGM6X8DFT7QIK9IGFGW75K9LAXV26Y8WVXX YGFW5QE36G4S582 DNGT J04NJOOKX07BLW03SRW0 I4TKMKJ1EQS40156E113CPSOVME4OKJQEM1O3J1OK6HNCOD4YPE8JUIH6JVT98NC3JH360S92 SBMFCFIEOKFJ1MAN38MIK7M4JMRP09Q19LM7LVVVUHW7A','MEY6O8TJYQB5LWLAFEAOFT3JWLKRTTORILQHWX6KY9OM0X9OVOT4B4G0BVRLQXMUEPX9M0A94TET88HG2QNCGT6FL7UKMQDMUEQ3G1UT5L5S1FJ14K9B8 ENII9QPY6LJWTBMKGOV93I18L2AKHRPP7S BSUT87L9W6205LMA3QMCDSH1TK7L1H83LOIHBHO2OA76FPNKWYMTK3IVS4WA45M2WJ3U008211GB2231W5RYMGOKK9 R4YYBAFRP1M','JD1E VR39L4D4Y139HJUEAGFUMMUR3OB7VEA4I96H67JN7SL463QYNYVW5OJE3W6LVVTO1IHETWMCF2UM8C1LGQLHRFI5VG04K7U','X37Y77HVQNBUK6OOMK7CF1XW1HQGXA','JSMR4EOIJFGW UL7KQ73K4X8QTCPAI','LDJWO3XFF XIHVQ08D97Q320C933BF 2MXT6Y3ICDEDQCO0YL ','GDJ7BPGP69XK920IMTPS'),(51,23,'NO8I16TH4L7YPF5JJ8JCRNAQ01N9K3HBS2NKI3APA34K Y237A74OFIQPDT1SQESSPQDFDEWTP69CE255179BGT2REFI8CARAXRD','M JAP3YCG VE1E654G548RESNQ2KKBCG38HBLNNDM22P784MY01O5AY3O8X9F96FUQHS 44FK7 HCX26YS42JH2MY3NJ48R D6L 7WFN60 PRV7QMJH6Y07DTDAGO92D8A0G1TDSC SJ9TCVHTJ2HTKYQ278OVXHYLAST3LA1JEA8 7T58YYPD5L40088YUW5M9SGBF8802DIY9F74O8SHQ8J0L00R8SEP0ECJ3FWNBFJRP9AW EEDVHGR68726','W1FBRXJT 68A4ROIS10HSKFAWA0IMJRLC93B378J2G40TTUUPSGD8B4N4BLQDWGYFNYVSC8KV2S8NQHP008UXXBCXK90LSR0K79A4UGAAF4I2IQ0FW04OAKX17UAQ6 8RA4JF 4BTFS4H5 P62C A7Q2NTV67YN5FPEA01RFFC71CGY00GFVMEYKKEOXJXLLNMQT864IOULT77L76JCYJFNE2ADH7SYDYPL2IG9LK0 PJ27TJ2W YUIRYATDS74','YYYET6XNUPJ336 BNADKH638M3DLCWLT0SHT4XVLJN6I 3A62WX29B967DU2IFHIA1GXA69DAVNA87YX0PKU9HJK8DX1VCEP7O54','D60V5YFQ1N60G7FNSJGBU24QATJ Q ','LBNUDPMI64M3RRLEGF8VOO5P Y6W0G','S4RGA MFTXKM02Y7722E314V PCGI1 FBIP08IJJ7WY2EGAH4T','V93M9FWNN4UU29HP9QLY'),(52,2,'258BDRVC9Y 8T7QNWVTRO5OE7IRBTR4QOJQFGAUQIV0TJRV21 IGEECWC6DQAHQV3DKPB3VA8IMQC6GB6IMQXJDDO168M7EMCRKW','9EFESGAOFB00OML8 NMJR1LV5LAM48CM0O 4YPMEWXJH7JX6L2JRKTKQWYNCIINA6 L7D3MHXVQSLMJ3W9CI7PLIRQI3DSXKDNJ5VEC7WF3M O8O6P20FQOF6TMS8OIJK5LS21QSEYP5B4 H0W7TNOUOX5BOFFS8X52FD2WDC15TC3N 8LWW9X5A1UFK2 9J FTRX8UYVEILIC7IYNRP8IQ9T8DH0YECF 9WQWQHHVFR3AOEM4X H6NHVR01YLN','XP39WFNHJ71 6BR6HVT 7V89Q24R2  41K0OXAJD4K5ESA85S26W19P 570ECTAF41HHK1M3T Y8 4HL9U6O9UJQ6K681KDRTJDB6UMX1GMYHO7QF1NVDEN L0E6L5O3H7MPE3OI OI0G0JAK1L 3VIM 0H3PP6T9S5249IYMXXN698AO WFJC3YQO8PEFCN4PXTJ0ESP673CRK7MMKG01XN UKOYS7TR3X5573VS1PFU1BX1DLB4E1VOXBKWAC','7R S67U57V28XLOKVUQV1ER9VJJ0CAHVE1Y3O9TK7 6JLYNSHT1 OB82262AH8Q3LEJ01M2TY9RN32JRNPKJU7 7KSP3EPR0LMM3','OYCBBQ47VPKK675A8WNESAI4VAITGS','KM04REV1MRT0PI09JHRPRABWB08ITU','R5HF PCEYKR3R97QHFG4ST145RK7SJ4YYSYLN9GMJATN8183G8','2JVB2M1B3PFA0604NFVG'),(53,12,'1CJWL96EUGPX9JKA94AT7275GNEG9W0J4CRTLADOHO1I1GTCREV0JN0DOWGHN8HQ I 58RWDB5AEAN6JYUNJV8TSUPM01QENRM4D','KNQIMYYNR IOKBOK757D3YQOHO1HXMWA1WJ5QFQEO022SOQGA1ESVGEUV0M702PTA7V PMI5LPHH1M1B5Q2BW5RH GRHKD4 DOQA44IDDULQ6PBAK01KQK8OY1O 0IH0WRX HJARCN 88BKNW20Q AHMC5CYSDDA E KFCO2DR223S1W2JFQ8PHPBNJAFQQC8UAAKXR8W6 0TDAMFDK237GFIRULF9QVVUY JKXDTBPFE74KY EY9 XI74L3CKV','XNNR0FM6P5B03LPV27TYMP4JJA1XWNX2SQ0LWEJ3LUI0A0QKPS82IALH71M  4QJRJFWMCFAYBLP4A7 0Y6VPV53AHGEULQ570642NFO4VSQ08SEEN0CH195KFCWPKGIM2RUR4EYGTLTY7XPEQIOJS55XLG9C38VGJ2SPXYE99TVISTJFXL56IX78J7H0H74936VGOKYYBH P4I22YJA80D3DUBPKK8VKDI53FG8 WXD5OR9UCVP1I49CVQ9CI0','8FB917 61ML8R9QCPFCE1X0NB622UB6J6PABNCU4G3E02D1D85AGXDG9AGBSBR19DV9YNYERF1K31EQSS3HXQCIKXDLHO4EPTF7K','8IAP6Q21X9R0NV8HL137V QQRFNKJM',' GBKT01XPU89Y YHIEI38I6IKW5YE7','PJG4 EV80UN3U7W1 XQIRYP12KJ6154I2NBHM7EDWY9DHUVQER','HIFWERHOII2LIYI5VBFI'),(54,36,'MJTNDTHRW61WAXY52KT9XF30 6KV MBJWD4538H557NFIBAH34VJ1EA4U4GJVSLVHJFMW3YO4RS6SIYBB05RGS7GDBOKFOSIXQ K','DI3DH0N6KQM6KQ47 OQX XBOOTJT958TMP6CTX 4VD96VXF9712W43QVOW1UX0AIM 995D9T77DFLH0PVH1083TV6Y9ER5H0BJ3C2RFQAA5J69F1O3PJTH0F3G9MN2HM7DYT4TIXBEI40FEBRQPQD5 TSIQNEK4427V PKRYT4WTAHV2N2DW89KX152NQRCU5KG54ALWQSLC93UEAIOCO6O3Y29U90AO4S1NLJHFIJDFYCJ0188FXOH76TYGK 9','IWA5APBFOBCMST0LNFQ7CRVD3DEPDSL72WMSS8UAETMJFGB80H96WUNPODWRC5KCA 66GQ5S3LC8K28O6F5PW8T0XOGTRSUERRDGBFRORV6WU2NGVCMFRTYRLC236AV2EN9P8VB9VLGTQ7NK9 IYURT0S9FW3IBPLUH30UNA9J58OHGLWWDXGHAC21TGUL033BGRFHP448XH 6GMQHE2RRFUD585O VM2R6 14NN4 2WUV6A5VE2SME60QBBTE2','IFFCI E0 1AHF1EWO9L6JXYSO1UKOV1KQF  YH7N9RKVOQCJ8K8EKRRPJ0FTV A 40V8T4J2IXO32QE CW0HCAGU1XGO52NPMB0M','B5CIYS75I26FDYXVG04YI9L5M8H8LO','GR3M0XGXEWWN0FF5QCM8JA8LDW9S6H','OT2MU1V8T6B349KQ8JYJ6VWPNKKP6VN56X9UHM6STPPVC1U978','SVGJN2SPAF3AMSJ1300F'),(55,46,'6NJY4LFJPWXTHPYHRNR1UE6I8N9L6TJ TJLUYR 0NNFOWC3Q8ET0Y9HHDD B9J89CWGEG5H02G23TX2MKGDBUFHBCUX1P8RR19WK','32 HCEX8YI4UL332ICVMTW1K4I5TQ8PRBO9HQP WIY2YQHH6 WC 2JG0XK9EQ2S1LWW7IW6LMR1KHDD0GT BAXLBWQE1X7 SS7KUISEXRLGSXQ 8A24S2K8FKI5BQUXGU09O1KA4KWYSP0A20HERIBYULFC2 M 5RO951TD0N5IYY03G2VOUBI4SKT182KCLJF3WVKT6LPDTCYX  X7NMVT54 MWY4Y66DLOI7PT4R221I5UC8E25G GY5SD44I','1TASR4FLSC8MO9IX4P274047 0TI11SYGXC6XGN5YFBI33VGD1EYUSL3JQGC0 KEMG2PI36XTCXPWMJ50FLQBHQXP64JBH1G A3MY0HWMOK1YMDOAH861 1A03OS9TOVKQUUQ0794GF 2SHV 5MJF4EXGRTD75AJVEL0BWDCK2LM5QAQCSVQ0LVQLPX8KKXJXFAA9A7LTBWS20ID78WBD0WSH 9 R X3D9QN3S9O7EXVT 54XNDI2W49Q SW8BX','MLX7VHCNNH5CB 92P847YGLQJDRS P2G C6 JP8RXGDYRORRGJDWYD774BAUWBLI95QNAFA7GS Y8DY17BSJ NMSO5QFQ WKI77I','G4LYRQAX10NFBKQA8ICYT01JKKUO3K','BGMBYC9LRBIUSMGLMEC9XPYV6KWJNY','F94KUK0QHM8EW6BH8FCTIK0C0VY60Q3Q4XREM86FJ0SNCDM1B9','GQ21HMH7SY ATJE7HH3E'),(56,77,'V71D0 IRO5 EOMMCT5N7C330PY4JL S9CEVA5QKKN2LI 51MGMKXND460PR6PTVKHDAI79JUHFYDG2KKV1UERKT1L944EGYIO1Y9','85VPARCH8EBGESEI440 L45H47KHB0W2TKCYEQOPQG62571NXJ6UJHT7UPNUJS7R2850MXVMHUM39T32B8SUQ69EH6HQV29FYK97325P8K0PC1U73WTAJE1S7GXTN9387MNUBXCVK7O2DA3 V BCKK5HX WMDX9PB7E21IQFS224H94M1K96O970DVANXTTWJNJYAX5203NV6PTWTCSS36A90V29FSE6025GEH0Y3UU39MJU3QY4972K5E8Q9V6','I R3O 2V MF5OC3JYHHUM08LXGQG82OTDOCKSHQQ757KW6IQ8AOKNQIYRYE0RVOLH46T0E80CB5BNVTCGCSQYTTTD2B7 LKN8G3LAY2JBI8Q45CXFL5I8NDPKKHC8JUNQHYKYL8FUVF3SSTBNO50CN G VXN62JPYNNBJUABF3TKFSKWHV7AJIYD02O8OQ9DL139WFC5DME619FB 3Q8A 66TVT3XA2J5G9U590CQGA YJTQ3 8NC30WCMF7EKO','IRFTIH SRAGGXICUIW1DUI5NIRG1 6EQ7P7CCB4F5D9VNMBBMLLJY1VJ1MG99SMFVX8TDTLWEI4OQ7BGR129KUAUYJPV10K9AHKA','P6FO1SQF KMFPX1U47UMKKNHOYPRDO','597ER CSYIGYPF9C5ILTHJRW9PP0 0','IMD5EHKVQMFXYAHQXL MDC3JCG61YFXEM6S1I5N1EP26F8013S','FDXHFXH4K4E4KWSRP9P0'),(57,60,'HDI4YKO62SU9S6Q V1LIKSJ7M6KQC3H48VOTYGHJATABMDY3QWQ1KBQXI10 VEI4GKF8DM MC8M PMDYXYJSGA3F7 JXLO9 RVRK','BY2TOES9J5MPFQPJ9B0LMTFX8U10H4VJCWW2O 0IFR4F7U8PCWAEI1SM3J52K8FEX3SOAO1YVYRYSTF843OW5KIIM5K5YG23YCK7148O0RRWMKOC5E Y4Y2A6XUQI6RXPVYVJTBVFK4J40KFKPR5 QCOOFFUAQRB58EKD68W98MSUX0 1BDOE8EOGQFA8CMWMG5U7K8B6YT78 6QQXXF RNDI9TFF66G5X6WO8TSEE01WSKICNCWGIQ0ATBCWAI','1D3RC3DOOBEC DU2HMILFAMK2SK974VR64QYRT6CUDVIGHIPMK7U24N3302GB8IHDG JC0NXR2OSI1YQM6APCRD39CSODJUE 99JC99689MUGLPPXCDSO1N6X 7PAABGIF82GJAL3LWH 55X0V7T444MF44EO657GOXI19RA9QWPE1C8DH P7N8F6TKVJ8CXCPKBU9I0M5COJ369LR2I0L76K0XBH0QIP2O38P594A7NRHE7794G5E143MS5MDT','VQ9WRO9MGDO0DE8ISNQ7R2G7K LQ58WBIS2VFAWV77ET6Y8ESK IFLJ95E7WRYO U1JWIRFNH M02R3T UMC8FEY5RHNVAEJ8LLL','U833 EOGJ50P2N9X234FMHX9JEXMM7','NOI LB4QIOYM3BWYOJMM2GM51BB62G','KOX26OQGJ0MSEJX1CFP68A32KXKVES2K4RISK3D7MCU28VI7M0','UMK9PHSSAAML5T4F4PTY'),(58,59,'L24B39QS68VAJDA9L LS3F3GWQRIFITCKJAXDCYXQQ4M3IRSGYW3MJN66TVC49K ACQXR H3PVSQ6F1GRQ6FK0DT6C6AIUX X6L3','QXFKNVBS25DWHV9PNBDWR7NEKT4H0HLC5YOHBWJ2XXMICTP3HU4AP8FAGPET4J36QVYY3BHFQEFSAC2IRGWJHMNDP5726NSCF3D2VNU5WH30R6GYO0K9EK0MF06HNND4MSL1HQD08 MF9C3 R1M5SHFM5YMEWQLD2X YMM3E0EOC04CP0XAWS5XIUDJ47AGGWAK3XQ44V3J4B3SRSSD6HJQWTIK P228QC OXPQMU374A33BUJETU 7XUCXEK0Q','U7 HB7Y6VTM77MYS8AWNLJ7X3CRB88 RJMNM 94KMCIFUN51936DB86WCTJKM99JVW9DN0HUIE853JQ4TAKCPMW6014IUPVDM3VNS533DOSKOCS22I78 BQWWU4IR1PUDJTWB7LIW8DCPY1W5QH9SRP9PFAKQHDIPTI3JHEBTDBRRXUP18W633HH17K7J12Y2UIR82GPMO4KROBMNI39CCFSDX0FAHOTTSJWGTGYS0F13F4SSEWAD7II6LUSKFO',' H1LRKYANRULVT66CR8OHSGVU53O88YHXP PO12N238S42 UBM AGHES4BPW7WM1HVLEIVBQ 34NIET990SRKNFCCIWBWLO14VJS','YQWM N D6Y8KKH1QYXDJ33XXGGN8YY','N20LNRO0R5LB3WEKWK3YY4 6LTF AN','H5YVFL3MA9WKIDDYVPVOSS60GUG8 A7IO4UHQUDKBH3CD6LI8R','5FSNFS9O7WXMX02U98NX'),(59,7,'0FIJKRXQJ4UUSQEO1SKXXPRYV 5MSBNUEEFP1  0AUFRDV7RW4 P8BLVY6XX75VY49 2VBUNUC39PD268IOC KWQ7Q6CWCEEIBIQ','T ER43O334O7BVF2R2L3S55 KNYF3BO2KFT3I5YX ACD5JMMFA4OMF862SBMEY1X2B6WPHN404GG4 VNRABQSIOWUAP74MEMONQNE5O2AOA2Q 99R9K6S Y73X1M32PE X4NYAXH1GFJ59OSJ2SPVJBD32O5T2WSR9F G259MKY15N1XF 8QVS01DHCTFGTKU63HJO1ONL9I9X4JWWKJAI51HK7FQ26SAV0SJC58RN7ML0LVK7T5CDSJA7RL7QL','MRGD6JKGB031U9V7GUWOW3S1 M3IQQBCTGVQSOWS5814XG1BDWKLWUODOLQT2A1278T5076NW0FLKT70W FQNRWBP0N5O0BQRL3LDSRESYNJORDHS5PPS9G3LK7R1LFW01D8MLB7NP0DF7 NFGJA09QSJVM5W8YX848IJC W2YOQ1NV8VW MB9L5DO152NYXAF666A995ESKX3ASVN03Q97RMOITI5WSPKNBN63ORUB3O1WLQSGDJT90FO1JFHN','ERCFVDYHRS7UT 198J0NUD69WGX1 OSRFOP6P0 6FASJHN KBDCJITURYLEXJ27UPCCTYC5SFP88SN91KUDJ0BSEO655XVU0LYR2',' LSSEAGYGDJAF52SSBPMS4D96OS3DF','MLDA104BY97JSCSOAWKCBOJ3VCWLQI','5F8BYB3O2FS1UEK42JT9FAR95HFIOB5PW93AGC45ASHNC JCSS','NXH0GPTWSR5RIUHNBC6C'),(60,94,'OXPTRMYP4M 78 V7QHYXO5KF99CCBX5OJGGDYE80992GSYK0Q5ST5EUPQ3AJIAJSOGT3QB KTDRO3SIIBXD2TFOHYWK3H1OLJYWV','HLBHIETVORROEBC890OEGGO5PEXXG7K2MUYBK5MIN5RS2IJAK1ET9V XBL8O7241GLQ061Q2CYVFK30YYF9AHVUYAESSYVWSDS0STT8LV Y77AI7J1V4LCXJ  9DHGR476QYXGBMUSKTAIWMWILMYE2I5B MKXND7AMST9EA6QVYYI9CXAD3UI67Y41RSNOF1GXNPS06AYQBAAR0 JVVHDEJ X0 PA6NQQLXRWUHXENOB6SQUACEWY0X72AMPRK','WMRC797QB8IGCOAY6N9HMDNP4PUU IWOVTICGVH4VSFLN0B5NTUP VANRHR BID0H2GRIN9 YRBEDSPS19LJE4EDR9L2WPPHJ4LR5NMDQTCKQPS34V4CQJVDSALKLLJBS 42HQABBYUBB4N6LR65DD98C86ERJ9OU DX2HMXODCC59XB3FOG2LSKXYX42KVTBOV3UCQBRMHYN3 P3LQ9Y1B WNLROK1 NY7V6G9MCJ3YPCSN07I4L9D5HQ3W452','8LHLCIAFG 1M7OUK2NUK7VKTO4TWS1QIMYH3QWLA57R FGFLPDELDP UAC3OICPB5J6RXSEHA0W1I1P8G0KNW22EV7UOHUF6GH7U','QV0XB50SYN9MGAIUNPOER0 LSWP0Y1','7N6Q0OOSWB47 93J5PXOQ2KKEWXAJO','FJ5BJO3031F3LI  843Q593VSRVJUC3AGU5YHXRJ6MXRHAH8TN','AV2CY9T2PP2C4OS068NE'),(61,94,'46KKXPDU5AG4BMF0YHBYLDK163NMP7VRQ7L E DIQ GEJG2L0TJKE2BHE4R68M7OEKVVTE 6R5B3AWUEAOLGUBJ0T3GPWHE88CGD','M2RWS6JHFEJXRPSNECQY5COQMU Y4E 3B46KHBUBB1ATCQ4P9PURTKY3G2 5T4CQ3N4K5KY6IHCCFAWGP69PLHUCOWK8UX1OAUB3JQQVUJQQGCCIABIIQL61U 2GL TSNP4AFW4SJP2CP7VXXHSUGM2AXRH7CQNEDXJDEH8Q9BMGEF0D1TYFRLOQ8EFR8UPE 19K03D51GFIPVG D8H0QSEJJX6KEC78JDL6PP XC02VNO2G4FJE6SQD 4O1SHL','WYAWM1V74QU HTL QX1PH3C11D51A2JOEA773SOOVMHG19Y6D9G264PVJJDJ9O507QLQ054UJ EAUU8XPUK2OMMU8HGTWCGM0MPX8LYUURS62D59RLRVN144RD5UJB05AI1Q3GHWGBYD9H2ALTI92KVYQOD3XL04JC3OCTQ9W8FNBK3220IHD67KO37N7 D74AMT3JC5MCVANTUT0 JCDL590NV1Y1L2BRKQV9OW1U14 6RN5UK8CEAC1MRC43U','QKIV4I P2U2F2N6MVUMH5S13A VL1MYS6OAW YKHWAD NFJ2VMN620CBT63NH122H5LXHPHB3NK9BK6PI JD9BVOLD54 FPEY5YH','GNISETEWJQWIVHG050LETC7BW2IFVW','2XE9WBOCMEBMHDJGCO8N9064UY3IJL','6MS51VBOXNNX5I8LE8LTW21EJQBI 19DYF8NUX7KTAN8IJRDOX','P0AHCQH1PHQS5U  KUCM'),(62,5,'FIKRNYBQNGMG0UPXN7498DIA4EKDSH1XRYSJH4YT7VP3L7VG8XD7W0T5 4553A S8EYS61KF AO3 SOD10OUWMH0RBEIMQF2VU83','GXF9WO08PG72BE2HK4V1UMBG66I7C11V6KS6G UB3OOO6586VOEPBNWWMIK9ERN9EFFMCHVW183LOEQOB72VGGXQ3HTHK7 VM6FJ3QIVX6JVW6K9EB601U6QHK 1N4YAEH8 SS W7GCPE JRPM9PF2AAQ8071Q9QCUH41098C04ICQ7RUL4TIQMJSS7GLNA2 P5C A4STKTTBPWHDLU9OUC8PG4ERTCT1DG7BS544UK9KMQS0XU4VVFQIEJSGOF','LHCL64GYHURC2CSB   O4OW71MAFWLB26WI0R7YQ70KIOWNV6RCD5N8 AMIPAO6009M9Y31KEV4 3Y8VA6S55WV70V09KMQ3TRCIJQ8 PM5NSGTQAMD GS2GO7EF6CEBS 6JBVGOET765BX1MUYJDKBHAX52MQVUOYDV69UG8FNSPDFJB283ADD6CPHSCJ5 S10KYGSBGTKDYAG5XWLLLAANWLEUXEF8W1UGK1 DYSUJFOCWKC9NPAG3K4O3WXB','HSHL5A26 FHXRDOXEEGASJRGY9RW513VPAI44 M60WU7YL955WHPLC5A35FJFBS5C4OS7RD8VS7T6K7RCESF41EV8QD8RTGJ9Y82','V267KY XXBWMJ2CHWG113OQ9OIN3OK','9ILIDVRL6PEUFVVSW0H59VTC1FBI7B','VNKIY3HMN36MB7CC5VPVN2HRG5S 5LXM0GLYVI6TKFOXADTWF5','5B6T7W04 6BHJMQJ1XG5'),(63,39,'Q45W78DS3K GE7II82SHHJUJU7G3AX985AE418SISDDLBC2S  GG7MV R99CP XLB26K0OL HBS57NXSFBD3VCRD9EHHUKVF FVA','ITTG3CWBH HB7NNBQNUGU4O QE4OLNPOFEPMGQ8T177APE04TINMPGT4W8VBWMJLHFSMW4WGVUAGR3UCVVNFCCQT9AI6T O44RTM6I5PRLVO3QJ8FILMR01B4ST5UEESU4PXK91NN2DW0N7OX6O4I05LXSVC1YNU76Q2V8E3FRIACNP9 H8 OEB8380Y0496RJFMHLTG0385FXQ74X EVKJJ10UDVURD3MMF7 OUFFUX52RDYYUQ7DJEBWA49DJ','M67 46CBNIEHJENAWL2EEOO0F91PFBC85KCW63PGM149PIIBKOTGBDSMQK61EHN3T0TFEF5NKIJI0CEDS7VUBAM1UVXO7YED0Q6CTD5SXSAE9YMWFUDE7EHI9 4CV 8D1V4IXNVH7MD8PP51D8Q592JXINVXY4L0BJS0TCDYYP1J4FUJJUP6A2MV3FJJJEQYAOH31XF4PJUWXBBVV57TNMGJLWVB78LEE5T3PAKI2NM5Y Y4BGJI8BGVNGSO4GY','RJPDLL6USIS SSF33D3V25WCFW6Q1LXXU4MYGFOPYEBCS4 MAMP6HD4ETF43J4UPGLBJ9TBQXQ8TXSGQLOJSWL9XFMR5FU563M4G','JY9D75V14XIQFVWQVSXPLWDEO2GQHS','72P6L3B6EU6BHQJ 0EH7COBDC9JE1D','I3KGN E16LKCBTV9O6GLWEK3M8VEVMARQTQY1AN0D3NWQQFGE2','MH62J7X8DRLJL5JCLH5M'),(64,13,'HSVC1NTAT67OJMB2YTX1NI06BPD87IWKBVL6P4VPDGOO85IXYP68K97EQDS8HG9MUSXU3U5PEMOGA7 3XAOWE7V27S84 1SUWFHN','RPUK66YU0LNI1FWA2CTVRWGAOM65QR2ESABB2KAGCT5WB9NWRT68Q8C10QGT7P9DFTXUQ1XB WRROC Q9OWYF01S1NLSXKLVKRDGNKAPFLK39IQDX3P3Y47S7ABD8LT00 GXMVAU3VSIOAFI0KH6V76DVQDCWP9 IJ4MWIM4B1U3U3ATQRAD3OWTCFQ34NX0NTJE3TLSAN8F50504QB9 R0JS4IIEYIA HYMBU4B5LOQD HV6RX0BFTVAR01SYB','5KN5CVQO00UGP0YAQAQHICHH6K04O3Y5PRFULMX5BPY5V2FL4NLXRJ1MFPUC10K KHQIPMM3DXIH11FV2419NQKU3FL0SV6JBJK9IOUOUPLJGJ5RRBDN0TPN464MK 0ASEM9SRSMWWXA5LXITMO9JX7YT60RVYJ6DD9Q57R435WW5F9V98KBTJ AXGI08PAQQJGV6L9 DUJFDKS3J4G1DC3OMSG1YE001SXYAR H25L1MUD F29QLDROGQDGCGM','HSKMEOIJTW2UQ2ACIDMDVU  8QD6NMXWCTCPFRPR9FA7G1O8XOP1KJEENWT9WQCVRDW6POKIOGI6E6NNTF0GNCR3S029NYTOUHGS','QDEUM004189E5KDPSQFX43X36VC1W7','FXQJSAJD9OR2I9R1I1NMPS0LMXLP5O','C4RKRE0UC584M2V1E9OF94HV 0QA8FOJK20J07VH9ACKRSSMNA','A6 1W2VYB6PLP0U3R3A7'),(65,7,'7BQVSTOXPH62C0MYC2FEN13PQ7J42FGLI9Q01PKGQKOJH6Q374XQ87KB9LFLX85QEA46NB767BR9WHFO9XTOLEY2EVF9C Y8RVMF','765KSQWF634HPGW0U7KEK6N4VSY2O75CHLWSADPP4RMEP57CC9CRVIS2Q1XWRAG00UNS2CUJ7H TX8AA1YOTYFO2D0VL1FQBPC6GQ4E70M9UA63EHV638PBCIN2HUVG9RSU1OPDSFR1YH1I4HQWL2QTX64E99K1SOYG93UVBNLG31NJU6EHRHK9TQQ7174XQ7SG7WYYQ4 3K7E4V W2BCVQWRVFCARNSEFPEW0SUL 652CBCKFBJ92EX47H41ER','0Y FSGU LCCDCAD6BHQMRL9N7Y0PMBQ915SNPWC1RTEU2XOYB7FSCLB7AMS5 LQEUSRTRUE5NT26CR4D7RBA 0C6 SCND5MGS1QHLO7YF MQ8SW48LBNGSTITYF1J3EU2NO35UIK3LDU35Q9FRE9T PH78V3FOJAL1K L2JGFOOOJ8V9N3IFEVHQ9FKFEB1 4BDFE52KXSWCKH4 IYPDTTAG 0DMXJJI475KC2F7Y9HVAKSQEE06 FM30196X41','W1N2N930W84EFFN VOHTVDUOMM154VRV9HAWW 5437LXJ9 TLE7QWOOTKV5IMYVN90HJGT0FVPGKKJ8C Q0H9HBU548VGXQ9LT X','JAJFYB208D8X30924JVP523FISL PA','XDY6AC30TE2UV5IP2CNYKTL2F Y6JM','VTLCCN01GWK458ICEM7NO77OOLVH82IW1T7KCMI9G0G3PLA4EC','FF8AA27GDI XLR9F12I2'),(66,49,'6IN7BJYBB8P0FIXDBY47UJK3B7FXFMJ689I7TJFOH6QT2UD4R74MM5U5WARM86IX0L4H2IBXNASW2QJN2E2D3I7RNOVUOYAVIVNP','KP60FGX4HUY76Y 2HDJ0CNYVPSB1BMF45R5R 99D4V9HVLH51NEE1Q 0CEVQIHTVNH00EYX9OIJNNLUWTT7AAVM98UBLJNRCQ S1B6HJ45TTGGQK7T9XNSXMIXJ9SC0ML4315QIJT S440  2FLLHH3NQ61FG F7PIAD9TU2IYTRBCJHL5UL59JGW 1RSA381MBBYUHIDTXWPTJWICA9UNSOBHC TA6DXMU9DIHQ04SUS49OS3W0PJKFTKHVIB3',' 2I FWT4P4QSMJ94AS8VQEKAUBAXL 8LYAGGV PS32X B5XNSN9CSTOFBFW7Q35CY3FRBIKC5U7C9N7VYHQD7T2QBTRBT278X2VSB6OBMGNTYQ2WL0P6QGS7272X1KREM3C TFW94AJTBX9XG9BGGJMWNJ4A10U1QBNB5HUP7XBDMK457JYE QXX24F3TK5CW8OA1CP9C8JXNPNTCF3U8FRD7FOMT7 LLIJXNTDKWF LI8H5DTE0KSTEWAOPUOD','01XIK 8GL3GVCC4WHG9D9B63DNJCW4UV926JGB 3RQ57Y7V4B5E5INO8L5J50RN868S4HURY1J9U2DDDJCWAQBV98I QB6QHY1JE','469QHTV6LVHS XTEWGORP0YI5X9TIT','A1IU2 DA86XW4ENV9 Q2RWLIWVRWQ5','OU5GL8RAHDGYCV4EW1S2MH28UBLAXFNMT8I YQT0W5MVNP8HX9','QBXH0A6MLL6VKUU8PCVB'),(67,1,'QI 2826UMBBWAV39J3UKPI1LW6GU55Q 9XJVPYH5IEYQAQDHOTXKA WADE3B8RMXR3Q4T2SHDN2BOWG49LV0NUCY1NSH0G0QDUAU','FTSG1U69CNWK0IV425PVOOTVVGB J938H9IFO5ROXSDEGW W63QF MN3FE3N1ORNRHDM TDNWA1SPA2Y N2SU79OM4GU5RYTXX9HNU7TP1GAGR4H1D8NAUPRC52TAH YECA3U24SR8DXV5URS5UBLQOHGAPF9NVDOPN051O8AAP9F4I2L3QOKTK0MNE CQ9D1BQAI42UGYGE433RQOV0DVCKIL8B62FAOQ3MBF4CD9W0AAA7DLC9KDPDMRIWSSD','KBSE85X8WFRYP6SNFHTCT2NHYT T5W4WXDGLG617HNY0F2YX5NNL46I324SE758MYSSGHI2QLP5BGPMN1TTQ41N8CL9EN0Q00T9YLL2X2G30QP6PMNJAKP6V8 G DAOATJX4Y45I3J470X9JUNQS2HEEPS0A2Y94HSH0N0RP9C94 JL52  S60OU1BCJEBTSL6DQQKB7M27Y9050 QGWC5MO OFYY T124MC1AJBMP9YD1 5RM3QY3 XNPXT5TY','9VCICWKKUITIL4GPBQP621JTV0TUO7P FN QQK1XCQ7MBH968SY5FXQRU0D UMAJ60TA8N31LDD4ET175QO8PHTD2IKII5GA5989','JO XBFJYOFBX4EYNCQNK410B0YGP5J','LU91KW6B44CY32GD GYJFKFO5PRMPP','IEU5IJT4OCSC21AVNMR1J95MC5UBHVFLXBDOY4FL4PSI26V 0F','0A2NAA0RJHUN7T3QLKB2'),(68,10,'HAA51TXI1AEN9RPDF0YXXCKPO3P1WBHUH97U3C79PSKLXPEFY2H0 AF86G73PIS2HXWGAL F38UCPSEDDTY8RTBD2BC4AB1UHH1F','08TUKA 2R78H35STC 3C2W829MCCNSN41S6YIIGWPBII 4M4UXOH2MYUD110U2TVUR1HR9LLFW0BBDVLI9ITJLXT  F5068CXVGEHEASA2FY8Q7JTU9OV W3V7BL V QQ4NB9H15LBOY9UX64SOVRR7VSUNN PMEKS0B1U2CHDUHB50WQJSRFOUDC9L8O IPNH206N641825TU41RTP9F9HT33EO2SLY30KLHRW887R3GXIYCLORRTHHFAJ O1H','SB0N3YJ4ERVC193ALMUIVFDNTKI2JYA 74QXB96DW8AI0OYWBRKF0CUDW1FAVOP3KP KJI6 NMVR4M5JOSBGJ948KNHRE 1SL7UJXDRNWI076 BNM4Y41HIPQUCNVWERGE3YNS9L9AO1WX77H02Y4MFRP F6WO77OX3UM26KQ7KHUWPO GWM6LGW84OJ2YVX76VCTO6TQ71SJMW5B99OMIB6E3S1UL47FC6L0H265128E42500QUPVW5SL2YKPP','AAP5Y7K2P5LROAD 4W8NH35719TXG7XL95LXJMUPTY1AI 2B CEI72Q5KR98L58O1H839YB14ER9T1L57C7LK51W50RBATLCYMRE','QRESHVAR96105UB4WW48 BND7062GS','6H2C45R C6JBH5KSTM173ILA00GSOT','G875 V00U07H3UMOWLENLQ5661Q8GYMOTQF10UVAY9XBJ6WR9M','JG8DSDWX2EDFDNG8SS7R'),(69,40,'XPATV7O9P797PGOBXQI7IE7RAM9HERONK9BWTFG8X2X7VGAY99IRVJHFT7PGU7NQSGCKDJ6MA6R4CM14 L2W3LSWHNL4CCF39LJJ','GBSGWQY18U42HCST R9K XLHB J6 8R95HNQP3TU1K5XNXMAJJPW5EH5OIQYD5KSM7051WDIHYKDQCC4YSD9UDHKOSND7EDI38QF2SYBTBOQ7BUUYMDR40CMOWCMAS 4SY20OFQWKJ808Q 8FM66OISM9H8K538H86P4EJW3CYD1MDFCFVL7S4D04N6 V7RV1BPUDVG2XGMET4VJ52Y8I2KM31FB816QYBIYF6B98H GXXUGXEXHGMRJ8VNTQGY','SVWRS YIAKD74HFXHT1U 6JQDI3YA4W37N I0QWHGT3BLS6GPC IWDKEQA3UVXQSLIDCRLL457D00I59B0TNUBYWQW4V8RF EJ93SHGEKDER2SYPIC6QMQV3X1EQM5SEOSNV0X94I3DDLFNW8YIH9VTPGF CF04J4BI1JW8WJ1AYJMOQ EA XHP76SXXAY0P5APBLX13R 6W48XX DSHWWVTLY41U KYRV NK4PT2QUSMJLW2J7LOY2LTPEE2Q8','27EQ9U2JTJ9NFU4 QT20J0X6H5A74DH0UCQOC5OPIOS6X95C3VRVY96803D 70QXTH8WA0HOG2O8 A8PMNG6SV8XF0USH3OKY3MJ','YCQJAN3PX6661RMNYHDAW5E159E1RJ','IL92GM5BR2NHECHA1G9VQHN16BDSDF','LHYFY16VLC1PAQAFL0EJNY2MIUKTH0H1MB9M6QNUVXVJC3NDGQ','4P28FVW0H558AROILCXD'),(70,85,'8D2YL729YR6QT8YN5N2 F9GS6G5HT5 S6C5CUGEB8SMC2Q76OJKT4FXGJKG2AFDF262JW76VE3IMALI9F2LXI7TEM22FHINO641 ','JY60P PAEVDJHHU28O2UOJLVJR9 0C4SEQ6XP8U91YYJ4H46K4VY8K 5U 6VBDB1G4O2MNJDS0UYGH847YIF2X2EJEBKVVKJE9OTQSF XBFXGUCMBW2C23SWWGNETLYFWHA0OXTEQH82FQCE0 QCM7R04UAAQ14YGGS1G7N0BB I70P78JVLGAB59LINMJEFI4MVLHK7PYHY FKUW2 SR3CPBXRFT6R4FPDYWETFUUSMAGR3SIQ636H47GL46TU','9P43PAO3010IH5RRSROL0VMCR076AA43I6ON6EMI CJ6 DEUYK7FX8WN7GM33ACPFUCTY 5NFF7YOH05CUJWW0FV7JAXCI3U9 HSP9LRVXDXJQ0F0TD6IN4HI9F9HW 1SQ1U UGK8938HP4YCG1I9U0I9FVQVKPA3WQ88MDEXK3YB55I8IJ6KNDJ0K6 S077R5V7UP62PUPCS72HUIHIQCJNR3JPEYHVPWF53KTYPU KH8YPWS7T1H3GU4SNSER',' OADRCMTB776P3 2G317HDN86NN1AYGBBABI2BXC2ABA51M9M32UR3Q9XB5CSLP08BH1N4Y7AFP5AVU 7SKKABOSQVL43DTYKJQG',' WGT31UYCHBSXQHLDXEDGLC7K5DE8D','T9BA1C6V8HD17YARY7KXI8SCAT5BGT','OIDYTDHCEASI6O9 LAWQJKHA15E7WOAJLNJ2COI8X1BCSKBVFL','Y1OFBJ FEURIFNG6Q3K2'),(71,34,'8461RKMNS3DYC9CYSPQ1OFG4C72WNGWKMLK7HSOG45C1YG3CVG5NQRYD1642XX1WACY6M9J6ICPIRWPBQM8KS8PVVRDUTXEFYCIJ','JXU3X7TL44ND0TR T5BAE1MEN8TT4NUBR4M50IOE1TT8CSN7M7QX2BEAX0A MXI99VY3H8O04F8F45I55J TVV6FOV3G8OECQ42LS7CX2 Y7VGVKCM40Q9M2BSKIFOLLEQU7BNG61DLS1KESJKUOFAK0NHOFMWBNR7SNA WCJ8JJ1NULIDI O1YM J3I6NYISY4LXYQJI PQ448EER655WXRW9449H1WW2OQAK4ECVQRGPM1T9FFCJSSIQOL189','FW NAUB8HEVIUQ5MQJ P616A3IKCTJ173EM9E3CYPHEXJMQRT0PWX6DXDPP29D190QM4YL7HHLK91N84L9MW5EI3TBYFVH8RICYDP6L QCUEUJT8SCWJEFOW93CMBWNSQWVQVGWL8KTSXOGM1JQBLSJJF10DRJ2DTDPD2W3IOH8DKCOUWIL70SG7 GCVRXULR Y2BNWWOI1OKJPJT52PEHF4HYTX8J1KFB922PN3PD9Q21FA5KVUVR4JDD2TKJC','PHSN4RCF4SKP40JC KU5ACJFOILV6VDAAG68BFMYC4RV8B2YGW635PK0EYIS2PPB35H2SY3FRH0M80A1A5UJR68WKELPO1KU5PG5','LROPFYGMBG1MNUXEDCKK8ULR9V1IBJ','Y03ADL9MCC3UPLLIUBGV0815PTEHXJ','BVFD1HLS XBHFT6PPGTT101UKRH2SA05XLUYL6SVKC9WRB9W8P','DWNNDSSDQS90ECREYC8W'),(72,83,'Q6SDCE5MUFWS9CT7JS93P42DEKRGTVHAIP  RWX89CF KYFA94015DXMGUANEOGI585EDT7SGSLXR9T7OMFDABQ0TQBICDQNB3SJ','HLG6XY502 TKBXY81C9AC4D2NJN7B0O9IVBD07YYD58ETG1I7R V3O9LEP5 QAOA52C6TJXARA517YWHEV88P0TALWGLOV E6 E9N8BH41P31886THR71QF XB99QE3J2FAJY6URY33GWP9D6GCS5Y1AQ55JJ TE AN8DSJ5F8A9K9GP0MLE9CWO0PL6 AFGOG3TNYWHD6AY ATIEX1MO3OAF7093IL0NU43R4TBASV9ATP04A5EXWH4A1N61DC','CPBQ MGFOTUK4TRYLQ31G44C5VR3B546 NU7N1BQLI3DTH8S3KSIND9FVSDS98UYOUJ7LYK4AQ14CKO4YP45T5C3G4K 1XIHMS8GWFAOOYJMLQ8Q1V62U0W3W6UDS 6OAH6H9KFUW7RG0S QCEE7BMAHDO5FD4WR8F2K2HU84 E SFUH10M7FLUK5YSE85K85QWSDCBUSEGCRGPLD24J0MSYRUJBLU X  5 TDHWF2DGDQC2UGKHLD9HSQJ063X','6YA45TKRB927EGKEX2UCF7QET5AGNV2TVH6G0IDHW2QT8354 F8Y XVQPPU3AC6 JC9M GBTGIRG85L4L0CJJ 2J2XSF9JDEUR36','7S6L3D5WRXHGF6UPTMY0BV8YC9RSRS','MAT5T0CLO7589644BL7CW6ADACL34R','PN8LJSP054RXNOR2OD5MW3SMR8QAV77XWVIHQJ673VSAYYOIN2','ER362DJKLLL8VITR1NHK'),(73,42,'M7R5QC49YDT7BU109K LYSL78POESIBMMQHYWDPYD1KDN37I38PS4EUSFUT0OB8KRDJ7L6RRX4NPW8MM2J2YBWAVMBLM6KWEF32N',' 0 KVA76NVARTEGB M9CK1P8NNPIR1LORA0O68DJA RWBF2O28DX4 KDGSTV2134ESIM1DIJJHFMPV0CHE3MLOTG1C0QPSYDXTYBXJ9C6CIDUGF3Y5ROGY99HJYD0I CV1KDBIMBG 3ANQRYTTH 6H1P9 3PF772AJB0RYUW7705 AN1V754DWJSIPLDDV SRS04RFHQS7TDTH5OGHGAKQGRT3IMADYVEP7A ECM1MY24OIAIAUFEEQ0B KDOH0','52QBXFFQ9AVKUGFCRY XQKBMHSUCCCSV54K6W0BEV5T1QUYSO9H3S FLGU88M8HOJKBR7528XHGP WVJCQVP3TUYBRFMNE 2T8UQ6241HM8J3JVQFBF9HSOLUGRQWM5U AUC5XAO07D4JHXQ9G5UUIDFCDDIUN4VMDQKKSM7LBUOUFB MXWA3GMOL95I3287RGO TNGWTHH4KWJ4WXA 54EK CQY5E8220RWDDF3RKU BEG Y5N10R MD6MQO31','OF2CL0GYO0UK0DYKQ945NPHXETCDEDIWMAA9IE2A3YPDCXDY3SO8U77J CBFI3XXA2I99CV4IDW3GGV1CFRC24PMU5AV3BXPWGRD','4W9TLDPU H0QP0XI23PLVIQDQQ7YWX','DSPTC9IY BSRIAN1MSAQC YK DM94D','2WMBRABUFVNDEEH1WF6XM7FCAHK2O9BOHPYMAUBOA4O1 XQ59S','M7LPDLTT44B85QX4MAYY'),(74,58,'LB0UIBTIVUV09W56Y 1PD1E527QS58Y4JJADP5OES828LTRH3UWW1QKGP7O7ULNW0SNHQG FW DMPR3X0KHGHTKCIALT7WI4LODG','6G206G0998577P0MO1K62UX VDHJV274C359LR5D498IPDUYN4 MHG8FH9R 1UE8JUF8R1TJ0X6MMH1VR 58Y9 9LHGNTNW5UQ5J603SWJHEJP1E7F0H917PRM8VKLMKG9XI GXJ VYJLM3UARVNYJSBPO5QCVAESJSB066EI9VHPYHTGTJR5LKUDAO2UMLWE56VQ LB KWICEA6DY3MM19EQKOHD43L 8 UAPXH 64NPOK3R23TWQIA16FGYLB',' XMMO575RDTEABVJ5663H1VDWWG5XTN00Y1LX5U7QOJIISI24RTTF3XF4KP3KIA9KOEI48P5EQFXCU600 7409SQMG827PX6UR3G5TT5JJQ7FVXMCIP8Q6PUX3SAJJAWRTET5UM5J3L5GV4WD JOA393B1W6GQIDSJI8ERXWGI1WE9NNW3VAHQKMNW3JWJ284OJPAL0V1W0TC3NGFLS4DC1BG9RE3QW0LXHFDVIELCELIWTP586J2QIV S91ALC',' VFFAMJL36PLSB7U30UFPP Y6GXTVGBTRVRQ5B7YV0HBQ1CUJTE8RRJM9SXVSDBKUQS3P6I53P0NDA ROXI0TQNYESBA73BH3BA7','55OYEB4XP9UFBH6MABCXTD0SXBRWNS','T1D5N7SOFJ116JYMA0N YEL6DJA4MX','LBG67FVXWSHJRDI0XJ3C5VNUBA060WHDCI5UYP19RNCR8R7OHV','NKLI57 U1T OI3VXT3QX'),(75,54,'RRMNS4IGO1 B 0M0E518UI5EQYOXPDKG1LMQJLLJNGOOCXY5EJ6JVEDV7RE728KBSQCO2ELAL2EW1V41OJ8X8KTNXMVX4L1I8WVT','4XD33SBK2AUU5NAW3LO9WP1SYKHRK656KB1C6Y1UT58TXKRJIX3NMS9JCU GBXMY07V3XNBSKDUE5JR8RUJGB7X KGWPN 40TOXF9GQW 1M0NBD 3Q4R11UWQBPH15H 5F8ED3F3LXI2KR95MNWK2LFDR0UK9C3 0VXXOE1ONFITAXJK6B P1DJYBSVQDPVJ325UYFPE8NMHI0VED4J0TWMJTKALNHAJYN1V7D6D5AW48BIBN1S5K OHIVNQR4A','WP9QURRXVQ202R3F13I10CM9B1GB2IQ0GKAWP6R6ML3LMQFJ1V7  25RWGJUVNOQAX7BUSOK60DTEPN7U3 CXAQL 3VGLFUL98R36UTFX5KQGSPSHVTDA47HI9YY478WL86QHCJYID TLQLLBG7R5DG3SCUJ84TYRO94CW79T4FYH BUY78NHHC1DV2QFWMWILBL1R9D326EHKXOAQHJ0JTP4MQJYXQSW37TOX36S03VR8H3HQ1C7DUJ5GGEW97','WFGWTE 122R2 HCNNUAASL0YE2VNIVLP7KLJSGHLSPABCFSYIB64PDR932PUAOW PEB7ABJB3CLUXAHDQPATPVI69 PUY5E WW10','GTLD1NFGNRUP9PSTD26KNSP 3EI0RQ','OTHP81TK13XRJPMOAMU8D P1O P1MA','M924M110S5OU95TWM8CTMYWBYAY94OLGB2VT6F449LFF6P14MW','JBAK5X9YV6O826YSI0JH'),(76,62,'V279NA3LPX3CC6AAO0R7LJWR5Q3VT8RE9HLXG9UDO5X9W0LHN247G4CT1O8NKX 5OXSJ4KNLK0W2XPH9J1PI5TOER4WN1BI0J9BS','A9QOTAD7UQXBRYFF 101HTD35JPNDI0LB26XD0YSQYQAATNBJNSX556UU5XRJEJLLT S8ITKS2J9 VINRI5F8O3XKP0T47K2EQK7NH9VF5DCPOLVEP  J67BLO1V73YQWTC62N5DTXBKMX1 W 9 7H5E013X1D1RXMSHA1V6XRGV8IG8KS QNM3 OJAV9GRM6EGVBPCSGPY38G0EG74DJTNA6KSHR JA31T IY03YHYXOXGLEXS0VE3WX3TFOOC','CTOL TLEKD69JOPS2XCOI2C68ANFF7KTSFYX1C7N9YN30H8MMGYPD6UYUC47KI NXC4903Y2ON5 FC NYPCNOP1SPIQ4F7TUHN4 3US3P BYRKA5ETAIGQW2VUHIDDV5GLHT71N4JLGLR3HBN50TJ0F4OMW0JV164L703PIENCCP0L AL5AGK M3Q90SV35J27U29NG3T5AOTA62FHIOWOI6X9EB377N46I108I8183695ILN G6PU7CHD7IOX4','RECVQ6I4Y9EYCVVOC7BXNTH6 0VK8SOO5TTYEHIFLKRC947XPDIW8G2VUH6QAI5OXROSIX9NXT99 Y3KQT O9 CBXXQLLW5NSCWW','8FMEPO0WNFB3EIB6XM8KU7NA5L05R1','VEKXSXQ0G6KK9 942CCV2QV4UECN8L','BIF2WXQWCCYWI4C8DKIOHG41AWARTIFODAETBM2HNDOPMNXJPF','J5TFTAVT9I1XS8ICS8 B'),(77,63,'CWD05SGKNNAP7S8PSDSOF011S5K3QDKOEO5KDTPCMG6Q6LA1RTJD4WVQ4CUCO7NEL4 VPCQTAGMQ1X4WJC5YNR5OSHG0FIY0PXYU','P5I4LMT65C4PS156QX9A6S1PGJ M6TVB0V25PP1YQTYN3S6TIRIQ91K7X45JRIVJHMTG1IRE 6HB2AN01LB5PAT9MJCOF9GLVD4C4URBWOBY3NDLT3U6 AS5T6N82Q0FHK2PGE6J0VYJJ0EOWC4 ORPECVUXMEA94XK4JUF5GSKNVA2HVTYHA75NITK80P7B5NAT0N6DRV6LIE0DVEV9F5VM7N677Y33GDPNF9DK5WI8Y25VJF8HQY1CUEUM7FG','187ESKICA3XHVQR HOTNSQSF6VSEN6JX06LP PPT35H4W9Q44HWTIW6NWPBYDF4YUL7Y5HLNQ433CFCHF0Q02NH5T JN8NGGXOYVFO2BY 2SA0KFSBBJW  884CW6BH MEWAHFU0KO OI68TMEYTY9TWEG0ANATUERJ8KDDHBXOH6GTBE66EPAURO9 MNTXYPLHVGGY94HB 3UP5KGT369O5EN3RQL1X1ORJD5MFUXC7JQ 8NW RXSS 0QDSXP5','MOD 0TYIPYFBFJKE5N UEHPWM8VLXWEIHDENDVN3HIQ882LBNEXCAUSNB6M8E4NW5X66SV5OGYP3C8F0KSIS46M17NAPOXV47OUE','648WIVBWT9 8QVXC6KK1QDTBXKQQCV','WOKMAJF545316IY2XN976X4QEUHB6E','AGI4PBSONTUA46W6H1HH5VOIAJ35JXAF9K7MVHF8HSTNA56 B9','1TK2XISC6EVJA5YU2TQV'),(78,54,'UAFRBDF3MQXA5QVGQILBP40WWJCDHMIWQ9XOEBO11Q3H8XAIA02Q0CLC9C4LVEE2S20HRM62MV1SECJRDVN69LM NCOIVLMFDWEE','0MIYUGDAE2I5252C7AGB13ESA2HGKI7YM3RM00KTA121R5DQDAMUYFA7EDUN74H3JYFFIEUD0GE98E1OTBEICRWECTYXKSTC9Q3YUC86C9V4U7GAPY5KM4AH0 FQDN47N5U6A9T8BMABNG2FK2PRY9JHKKC23FC0T49IX6OL8T21KSDX4KH4ALQCGFC72KI27NJQLTX3QB2Q9GUJGLD6D30VGLNWA4MKHWB2WJQIOORD6B0VUDTVQHKTK9WAMVP','VTPY64GP1FOCTFEEAAN7T7MR1UT5NPPVN0QTFU555RA30YBF4IM2LQPHQ3G9B61FW8B UOMJGS VBI0VRK D9TEEYQCLNIIRUYD 6LEPI1KIH5F396MLQ0FLN2RE2YW LAT6HOFYQMURI61UNTK26Y0JL13X7TGIYXOX45707BQANXWBLJS13HY6AAOAYLX8KCXDPET XN3NI1J3M3AP8KKR44YGJWPHRLNP31UCKNUBV625 W54MCP25FDEFJK','B20IM299MUHVK6W3EWXB39D4X2YUXIC0OSXBOFF 4JQ7TXFPPVMTSAT424BD5K9I8J2GVQDHVD07RCKGXAJAX  R7OP3P3KE2631','9OYXD49KEDPC1PPBBOSTIKGO6JX8RT','V55D5WGKFJJOVLKDX3BEOM0UT7K6A1','09S58UM4LWNU UNCY8MJ6 P726HYV06J08XCFU9FY5JLTL96SC','JBS3GWFC61GDACUDFTIF'),(79,60,' EE1U0F35KN7OF7D626 BVP V4JLUD0F5S5ML3TSSI4SCEKPL0592S40D2HICB3Y4Q41IPU6LB1E7323NSM4SDW5S46464VF5WJQ','D47HWX9TEL0RVBJA7YIFQP0A9Y7TDOCE0HNKBR4LE GY3W49P7WPCQV18S8J9EX1DDCE3VWWLBI6T7XCQ4A8V2UEBFF6434AXM2URY0VW3XCLOYQY4N384WX3FCCEKWBH658N8VIJW1PWE7K9QLV41V3EH20F4D508F9WNXQ MPYU1TVTP8E2JSADH7K8WKTV093BSME04A7F1UJ2V72C3LRDHXTOJN6N0L7NXH6MLRYCDGGSAOK0QCP5NWYEGS','AP8852KX27XDF2ASWDDVX28 QQKKPEWFV UE1QIVCPFQJ3O9GU4G1R1FDQ2DXK5IYUQOHVJ1M2VK89QJFPSVMSJS2XM2ORGTA2O1XF1F9F6F6XLA MOKR4YQ3S34QY98J6IB2J EFI9P9M1L5W3SU 0BJFHX38K10B18XEVP1T4TPY9 OIERHNY27KQT5TVXV95HRGQITCQ YT3C23YMMNKSPNW I48 2GPM694FBX4DT5TYPV6CFN6TFQ K1P8','QNTRXE95TVXFEVJIB6V8 5111CR A4WM54M2U0 5L2MNL2RYL4CFCU4W5PK5ICOA0LLMWFP18CAEO5OVG5S4BKPTTPOIW80J9E S','DMYN7JM4RXXIEWY0XMK8N79 B3PN8U','UVGWDVQW8KR APJIEM2FA3B3Y1Q3T6','CTJ0ULBU44GAF8K6C4FN90 5D9IRMNHL2KHFT209B9EN46CJNO',' P28YSUWQQE8YA0I73AI'),(80,26,'C8A56KNWJDHE99MADSHR84XU58RWFA3X090PY4O3U73TG3KWFY1CJ7OYM17OX2K0STLGYPCCBR3J1TNW3Q7CHUL3DRI15G43LGJ1','V30ROUF8HE2SSYDM3NN6GCSF47YTTOG1AE4CNT19JBL46IBTQ46VVMGAS5R5RVIROLD3BC 4RRC7 PIV0XKAGRSMP WJAVDCUHMRL YYYJ8LS5DT2410LP2PH65XYAKE39HTE5W1JTXI6CJVG3JBQDYV8N2TDLWRDKAAP65VB8UUPQ GDOW4EHDOLO0F44GC0F9YKA70QRA61OY0G3N 4SGTR 4NW7O909B9YMWART8MVE AW044EUP4GOA0D15','2VOAA16VPBCQBDTF4QYENVTRJ W89LDE3 1NPO 43ICWG1GR2MIIXO1T3UG0XGURBUBL6V1OCQG3VXGT17BVE69NBVU2AYPG SSP5I UU00BQMBHX984AY0TO0OYTTT5G2WRLUAJ34QRU5A7JIF4D MLN RGI9U34VGN2L6BLUMQGVE2RKBVXM7VQK7FXW79C8IGLSMGUVXODMIVJWKGRON9HDE 5Q5AJ4FDSYFUFQ5A L73R 779CM GV2AR7M','AHNBAQE35QH 8MRQ3CM2090P1FPUC8RJNCAXGD8RDW1SK 7MWEW27EPPO3LASHY0GB5A9HHQ3CDE0QFNBSU NRN1UKPX5AGHEOLE',' 12G7NXBYY5VO3JMXE0BW7HNQ89HKP','TQ7T841QRHYI1197K52LNMCVBP81P ','H5XL24J21TX1HI28C 2KHAUVVHN28AUK23M5L3KK0WJ8HHAW56','KMRUI0M5 LX93HG4UGQQ'),(81,96,'E1K98TURJ 47QLCQ5  PMMQFBRF66G9SMG4E6FB8S3URCV138FOUATYT3L6X7IQGVCRYYC14RV437MMXLAQ6KQFF8QQCY6U042MQ','LQ4U8A9B0C4XCFGHLDXBTJS4QVGIUEG1QXGWWAAX6ELXLSC61O 62JJF9MGVXCIN7OE4Y7F0KY5OAK27UJ8LBS0IN Y 8EVBISU251QN57K7RTOQUSJ6UJGUTL6E8G94R2NGCENPOAJPL6LPH8PV6QIO7671JTUVSCIFMF3SGILOIPNTXRDWVPB11I30YE551I3B5SABH29YC54JY76PQFAR4ATREN5BMGWP9NYIF8WL4NO50JK4PADDYE51YJ7','G92JL2YFPYTOOKIILRNBD0SXNKN1XQ1VA4KW4A6AWWTGJEL8FEAPI6LLO4I8OGMP38MI65S6ERT9GUFYLGM1QIV9SDMS287XKTVO06EL08WYYL7BAFH032M1VSSHXSWBJLDJIYH8SJN98B28YA56BXT91D9XRUT00VJ074F6VGXM4T  7L9TQ8AOJOMHQ6WD5E9RBBLQJB3B2UV0PEV F5V6QRYAOJ007JS9O66GBYVDA8K6EAFJ1V6167O81TX','WMSM2PQROCFR18NSQ00D67LASR4HGNTG7YFEKCU32 VC5N8KATHOWN0HW2XW21OOMPF UUT97FNLYEGUALUUI5SS3V2MT8XSDFFP','UOML Q48LFVRA7LYTDS26T6HCUY9D6','FIWKI31E5HFLUM653WCY4A47RNO83A','KJ4UMG11EP90JW R6BLT47WE2L29L 4TKV0GF92XJNY1DILE96','8M PT046Q5FLT5H RFTP'),(82,18,'P9G6A1GFE  J8GKWYXCB6CNU9XURBDQ9OIYNCDSK3MUQXRV2FJ7MWBD3SNX5WTE0BT6MR5CFLCEGJ5HFNLLR4WS8Q5K3DWSEIQI9','WJCILN4H8CT2G 8T0D9S8PN4TTUWS502QMNP433O6P 9RCE4Y7DMPRLX529R66E1NK7TXN6570UK2M243J9VNEVKM686SNFJXSWFIYQ7NF8U5SN 7JXUA64CJG6AKV88O2ROUFP7SE2E5K3WUIHFACNL4HMQV0OV1D058APHSMH6OH44L670P2ENJ2ANIYA7 101FI2ES2SLOU0XWFKKY61 SE0POG60EMA0NVPEP2DKJRSM1H4HXDS TVS5WY6','IO9X06 79CF3BNAVVVX1 B1FMG1LW2KMDKNL6THS4T6YOV0A88141XTNGDYCDLH5EYMBQLRHP3ET N5FS62IFVFQBIRV1YM2887BCPI8DEM8QK39T1BCUG9XOGW9YDG4UM2SMKQIVR3SFJGA1VSXS8S JMCLYDOKN3JY2XFDDYN4FQXJLK6HR4O886V2WS37JCL53SUEEKVXYKGM1RSB47OHJ3RTIPOFP XM1FENXYXV7U1LAULQ5 U3L531DHJ',' 0BP1N528V9M6484K1GSM5GFO9JRMA4EVH8NCEMEIGFMG UDN5V0QEQGMRG4QQUUW8BJQ24OYI55NMV9FGST7DQ 36MM5DS GAHN','BY76WF96S2NIMYGN3R9CDOKJYUEV6I','UOYM7VNTODUKBR80YRM8 B5Q9RHSW5','JL9DVA0W5V4K4YTO2TDVASQTL48R7CN1V  XUYR48AK0OMW6L8','PL2MGJOVMOI31DO51IVX'),(83,2,'X4M1D1OIB HJX88W24HJJ1GAXBBG3GVPP7XAHDS6 6I8EHTP0 R87OQ0F 6TVYDUI0MU57LV8TPPTIFCN5N6XYG87I31G710FH01','J3ENJ71YYO8D2I4U57HK4ERLWWMHR9JO5U97MNUQCGAQS66Q5VH NE340LS3Y1S2B45TXB9VYU XQ75MQYFXL45UHM NND37E1WA85OJHVBA45PTARPG X4GFQ68SPFGN1I0PV3XJ EOLB6N UT85XUNYXNGR6F59U1UX26BPTII6THHY2IEU1T81JPJAUEOBGS7V0AYD93ODI8RAJMOA07YK3W4KF8GT473XRC5WLQO02QUVQ6829SMCHVG3HK','DP9V91EOX87 NXHC1KLCCM65OU4847FFXH03ECTF84KSESCOG6B1UHYGAXV1DAPFFCB G7IAGFE2 JFS3A27J7TKEQT968VE9JS3YAU9WG3 2H2XII7VE1980EO43HTU62K2DGHV98MS65RVM8S6EJXQMYQVPRLSARLG2W34PONRSH5WTOKAAGNU 40TD3HT64C A1LMRDJ6AL2VUSTCTYDXEF58FRU TK2B7N1GDT7CWWG4VALKLC9UG7GG4B8','AD 7T7U7KXS3YCIN6NNO9TY GT71 J2G2RAMTEOOV9C9U4D238RUM5IRGANMJQG6GSCWY R6QMER AK SIF1SM7GIY94M5RA1V4E','OY3FM93S3R6X4YF0V3S6NLBBNFMQB0','PKDFK03ULQ6 W5KLP81JP8EQLE0YLG','C5B 4YAJ6F2EL0KLRAPYKMFXE35SLVSXNPC5L2QJAFR1YBL1GF','98NRIIE06I2WSR BMEBE'),(84,80,'1OCQPPJ2GPX5V1PB42PFDFT1C7LHBIMRGWCS1JU8FYB9VVA0TL441C99PJK5QX1GXNMK9BBQ25QQF05L3PU6V3IJPQYKNEI4WTO0','TC0IHTINK1MS 68U WWXEXGDH6HJLCUHO9TOUL 51DRKB49YDOW4VOW4M1D1RT8LTFGDK6YCV1MXC9QQUVH8O2L 4 W10 SUSICJ4NHC4585MAWN89F2QK72QRY5WEVANHPSV WBE4C5PPACW3D1 NQQUM7L0N730RIFB1SPSXKF71QLP P8ELGED457X3QP26LBWM4 YT78ONCC3YLE0NVOO9 LC4OLF G27E1W2IEEUUHQXFYYTYUCQGPWV L','D8JXHNEOTF4YJHFSS3YQYXUY4 LD82B0V0LXPQ5Y9WWODR2NID CX5340 DHULNLBM9XMWJULM6J4SEN2GVS4H0ED25VVVQOGX3FVAB9AJ8XOWJRQNTPXS72O8ALII256RY4PI0TRKLGJYCMV8BUEB60D9ITKGXG9T0UVH QHH4UQ4GKTC631S4UYYTT96CPMPMKONB 01X1T0BI01FIW91TYYE4FF5O6XKGXQY3UTE2VN51UBGCL7PSYUUCFHX','84W2GYMFOE953405LA3VW0P9XUXQ V89F1P8P9UUWQTP242TIUC8 LOJASNOXCK3RKM NET2OOJBTYYSYGQQ5GBJH3IIAGC1EC42','XN6AXTGJE0JLWIMUSL92YY778UXS0 ','1MJDTPKI 027H2UUO76PTY8DXRIPJL','6NL28YOO36DQH2I 0E45 P HK B34B6P57B5LH7I03SVWIQ A7','JG6RO2FD0YK7YXFHM5OG'),(85,15,'005N7X4K9DXKA4J9JOXHLMD7SGQ2UYONX7L31763G0SERL2M1K742A8I63WY41CO4O R7H9PXBCWSTGDEKV3LHL0IWF623BCNI73','SV1HBT5C3SJCY72KNWXR95N29O516ARIOQ88334 UID1WIVF0M1FFWBB1MATTWSE4O5V NJK5M2 HUUTLUN84C9KCME80AWKO6KCJ1WPBC9MLOY2TTGEV 60S4GJ8BSGG625CR1789A09BHNI3XTBB10HY8O0SAJ4X I0631BGDYGY 34O913M134BA7TDNIU5FA8ME9ICGU7T99L0I8U5RYWU D8OA9D C1N8M59Q8PMWF0EWG8A2YFKME2U60','Y61I7C8FCDNGEDKDG59RAIAMAC6Y6 TBAA0PT1EC0EK4TDCDILT49AO60BX3HNPQU0G7W1UW7GTJ 0FSCIIMHMTMNQYPGRIC0A NV4FS7TUHWK8KFR0EOGYG19DMWCKDBVESSHT9DMGT4P0A92AR575R2KMU2R0R9ITH7RFB5YPNNIQ6D4M8PO6CM4EJSSO2ESMS7XIIXSY74H85CHJFP2PNODPYGMAI99JZDE046 STLI0QQMV3013R6MRKWVA','USH2TQJ5L2OQ7JP3X P6BPIDGCOVOJV3NCYF330DLFXQ5QSOWONJCFXVPUUV4KKSN WYYDRLASYRN5BJBG84XUEJ77FRSHP9OK5H','VN35TUJMFEKLIGS0P8B52CME4T8BH7','GSWB2BO8RVIRT LB8GG89TL0EEK6H8','7VLVN6W5TGUL4VCFON2OBWE9HT7CKMTGAANV 960B1O0TSRDVQ','DEUIFXC3LV4DVKL788FG'),(86,62,'QNI84K3M98KY45CYMPCWI83LOR8MFJS TYNL4JISLFS5TX54KFE8LTXQA6KMIQKFIOU O 4IB0CDOOLJH22FVOOX3A791OWXYPPQ','VTHYVD4G2QTX 4EC0Q8O1PVXP7TFCK3I7RX3R1899WN8T5FS6JOUCK4 XW7MTQER2AUW94P76DW8QEEK3 JLN7SPGTB6HGX68FHV6AP3M4V76O4FRCG8CRN TODPTGK4 KX3E5MYVJP1QQQ9Q5TPRASW2JEFDEN14I DU97WPFABV6L32HWLERINSW59OVOK H94F0F9JXB97HF7DPN6O1HM3N8QDBHIG44G6QJG7O7QB46XTOVE3YKDO3Y2165','GO5G63TBA8364LFCR5AW7 9VS1WXDHU4E7LIRPHKUJY6V52OO1 6WNEM6QXCY79ENM0JOH2O3VIQP338RUPYK9D02N6GH9BTFH2UAIMMECMMP7EIQKQKCI6CTWMIBN9P 8OUL92050FNKNPPE3OKYMLJVFKYHR82O7250J14TTCUJ1ILL8CKL468P5JDED2JRNRIIO VUM1DDD0O4PXG2 8NRVEJ5PGENPITOC4UQ5JJC1B0X2S6MMWPJB9A8CT','59SX0F 7T1 GFPNA508C 89N8K25EDY  Y5OYMRA35FENK3H2MYHCEFNMP531WUWVAYTB7 XYKEFY803L1X9HIL7RE6D2W6TQVQ2','N3Y0G1RJ0LYJY7KYJT7Y33JQBX734P','DK9UB5NRU9YVQ7RB6GVXCM1XPV141W','PKB0WI54Q2SF9QQMKOSCPKAJ740M1I1N0S74J152T47IUFWOT0','66568BIWNF2P80W4UX14'),(87,57,'UEEGCXPJTG5NO5F9U2A1P4HXFJCY9SMDONT4MYQ58H4MOOHOQKRG6FX8XXIN9UFBCIY8YXLYUFXIT7BADM4AR6 2RF F1NWJSIE7','X75AKFJGQUCBE0E3VQPG6I SDU0JPKRXOJCSDXI0OEXYMHDNEE74BQWA5X5AD9EELCCEJH4I57L226XM4YDWSLRFIJJL48J3ID4EEAVO9 8B1I26SH633WD32BKMW01U10N KSTM 9P921EWXPOU0M0M3JOCU65 JD1BXHJV03 E0I TS2V7KXJQP4AOHLS775BEO55BV9 3 RF9GKX533BIROVHL5AJ0RL5AMA9S6QNEVW3SXXM5KAJ FYH60K','JU2PR1AHD HDAUHWD5NRJ6M95FYTQS0824X6E838OVDIQGPNHNXHP1IDQAE3KYJCHGF2A1XEJJ9IA NYQ1JB47I59GC9E 2P51BOUG HSWTKF77GN3ESJIDJ6X8CLYJVP7PN95LUHX7EEL9L QYRMDYD6R0MBOVA0IC4JG1S U61A6SSS17JP02EA86WHJ0ABKILEAOIXX YWSRCE9NTY6JBQQRDVN0438YXFBW58OF2US6GFTCQ9BBM5UBMYRU','0A3H66EI4J1ARXDN3AAH8HDX0RUO2IGRQVK2NU2OL8LS591X4 834BW0Y7IVND4LQ0457IL592IWW3A9Q10OUQUF5D RF1HNQWE2','ILOHB BH0D6NB1QMJNCTFWA31R AJK','FIBSASAGBY0AX38LFTFFCIHJ81JUW0','FBMT3G1J48A534X18J5IG0GH54 5NXFIIIDW5UUJ7B563T3OSI','CM64V14I3M0PB8RE2X3S'),(88,41,'M9XY6V4TCWFIX0AQK6PE55QTQ6I74617720MBOEJJY26ILKYGC0GWJYL6D4XLNXUX9NI 494HXONHGLBPT95662VIJKGQ75FR38P','QWWFW 4R5KW89R5VGJKOL5EQID1HT8BS58V3P0C S0IQXRF9TKMKG75GC40WT2E RN8N HSTULLUPSJKIJ38M95S95R3Y1M530O3V8815YMDA13023HML37MOA BQU47QODA43HQS7H0 RQ46BLFGLY79 QMB7Y8HKVR9W39X F4U5WOQWO42N00R4ISJW0R935YDMN8YI6XHJ0QQ1E1T6VT356FWQ5F77J085LKCHSF88CPCFT5T5XOE21WHK5',' IDHCU2Q3EB61SWH56XO91LIF5460KIX0REPHC29 2G8KUCQ9CPEYP6V1M1P0D 7SOMR104V0S2H8H OLV4NHIMYNODIJU3X5 7EUM8Q34KM1YB CJAE9F691D3 NX1OND6RWFTQSOEQ6096B18WU0I2IV2RK8ITFMI6C8TJ84W4X 5H06ULYBNG4C2TPRHHAJ2BJDENC39CSPRYLSYBHY29JYRDM6FLPYL2VPAAMCLACJ6DTNB4I0N55YPX L6','A4HYG PEAFOQ8BQLGYALLX6E8XW529BD1R5RI5TUM3KFAP35DM8FYWOC1CX8QPRR6K1F9WQ18JX2KE4Q7L5JXEATT3WG0XOEQTPM','4ME8R2Y5SNP52F6U684T8KV5RO0IQR','5WMPSQ62 SARKOKO04P895KJFQDFSW','13 7XHLKPYQT6CEHSACQU94BEM2CCMQEW3659HYR2L3DKL32HU','OJT8TH327VH1S Y105 Y'),(89,70,'7HAWHU8ICLVKL8B823PFDP07Y5 EGQNYRGQ0KRFM LVD1BUFH441OQGTD3ECKRHXVA0C2CX4F 8LUHDVRMRAAG99DOJ5PM58QMG ','MTVFEJF60M U8X3 C5W3JE0XEFKIVCFOSLI7NCD8COW4UQFGAD09HM51SVN1IV54E3TMF3NKXN7QO U 1AG4FNTYFBMJ 21JM1TN6UHQGMV3TQL44N8SBOGLVBW3IQ FA7JHG3K AQSVIJB8P8CLCLXOBIT0D4E WCXM WYFI5N03F0HKTN7SNIMMMJW23YBLASVNV2WR27R705R88WK4QUPCC7K60T77TUBI5T0EP MHGKTTCTV 90XLEV8ITI','B4RQLHQ6CNFF7MIW1X 9WG6WDVGJ5YAE906D8K0DH45O6V940OV6P9KR8X4MEWD9HM08VN62G500C54B4O7DV4BVAJMW9PRNUHR3J RYFG3E3HB221WAI2OT3E EQNVHW9TXDCQH9SF11EIL8UUKSL9YRC7I ILFULI2O0DXEXXHUYR0MAS56T3E435VAL6YK524XVGB1OFGGRJ5 JEB6BM4OHJF5TAAKMKXS83GYWM3WXPNLU9JH8PSIF4E5J0','4NP882UKYQ7MTE9XY5M6MTCGHOF0VB3Q8OUJXICDOTVL82DHB9SM7RW3IFF6C233QKY8NGMRWUE4RC3XQ1NXJMAXCT7NOSQVXXJ0','KRCJYO9QF925HX47MNSIO8OEB0X198','5X06EPFC7M5F6EODAFPYH1MF7CX3E1','247 W3W3 ASJJR46D2MVI2MG0U5FK0FUD71G25FUIVX4TJRAAI','BQKSD6EJ1MPAMGMYIGM5'),(90,95,'FDPW9CW2G6KKKDSHYTADPXFCWA5IYKR4LNWRDNUMUOVH TPC621723U86GDNLK3B Y1TQQORX575LI7K95FTYVV4 PLAAXU0XHPO','IAUM06L0JMNOBUSC YAE9AHY1IYPQ2TO9Z2W1F83CEG5JLYWFVOLEP8SBLH0A6UYTRA9I0O9CXU6YDJ4H865A3 QUXBGGNBAXQH0XROG3U9UGM9WQGSAMWRXLXCKS2T93NP91NK WE2791HIKLK47M6W7QHT43EVKV03WU6JWKQ5UD1N5DMOB1AI82PMLNPIGHIJSMX9 WPIYLBFH60VCYT5YE07KRV L69EBEONRNI2OU8B91VJ1GUHERESSML','VLBM99PWJ5003VBOQYRF9R9KFEDRDKA2K3ERUK1CVJKPDEIIS5HIDLPKK AEOKL3I7MIADVG80GS902J6BDQRARF7YPL6HU87OXCDJW32G484SWCJSNULGOJCCT03RX0EGS6NI 63 JC2IXDS21WWFT7FBCQIHUS5M69KFXGAV7Y3L5Y3VRED7HN06K6AEJXTGMB74LIYJ36X6JCY L8LC2Y3F9AY 1K0B5HJ0W NITN0X4Q4EWQW6 4TQQB 8E','65SKH86WH2YXOAQRN2XJ55 NK0TR50HHPW2OA5AVVX9N7TX1Y9F9EXQ2PJ50372XSS5QC4S6V7KG5AY6U9X ULDW7WH2GYIJMQLA','AGM9V21V88K8HEGSIFXDG1EI8D3TKJ','WCCDA5JFCXSRBKUYHLOBELYKKD8H40','D85QT81L8VJQXPOPETEWTL8TUX0JERLMECOX6PVVOEI BSWPIF','K2P5T74FROKXNYU XNUN'),(91,79,'YV6VB51 DUYPEMRFUWPKRUF01T1 P824N8F2GLYFXJY0IT0V40G8FUBY5XE4JNRYK87DNHUH9HK390HWO0WAHY47X8U9FDTM3P5F','WY58BC5P59BM66PI5HY2 N3O3WMSCC0WRMC9EMW38K7IF0U3A7AW1SX59VMR GCUQRICFQ60SGHQ4BHOO6V 1VHGJJBDNA LC8BSQWMKKQY33SMLRD WKIC98EJ8WH8EW6IE30M DHMXJ X3T3 RJ0O9G4DGNG3NP04KPV6GR4M358NK3WF5CJB6CR0MBF5MXG854  7AA70YLTCQO 8R0SSUMUYKDQROI4MAOCIFWTLE  VRIIQ038UU8C4M2R','JFJ5QLODXKI3PW62J2SU7PL3RB S9PHG6K2GGJSVFKMEH22KKGF1HIMF6HWST40VX5S8ILGC 93BEWKHQBXXX1XNJSJC917MQOOYJ1XAH6M09EUH6H0LM8V HK NBNUNXB882HONALKNMX8UGK22KDY602VXLETG85PNLU7Y3MXI409AJ04IOXUIJ9JDL 83TWYTGAB703CU6JJ6QXW1SSCSXV BQFA386JGW8W0MN5W5NX9TCQUK FCFFU1B0E','V7VDPUEDK34O66W HALL9AD75EQKUAANRA34I8P207HOL7DHANPB8XK8QVVWM5GFLY93CE3AOH5SXN2VS0N8FFUGK  S5LHS57HB','1PQX8 5EB575NLTGDHEYKQYLU51QPL','VAKFFY X79KBVIVGY1 4FR2UX67FQP','QR0DCJ0K6KPHX29SS9XD7 8 75 2LT X71IH9S3XWCXJAWL1FX','S1XI3NG6E A8DNME0P6A'),(92,35,'5F0MRQ53K D0V0PLTOFSMM3YOPETUTNPQMYQKPPP7MPHGDIXI5VFUBKV5I0VHOXKUQXLM9N5FAQM9SA3AEVUD4S8K M9E 53R26Q','XVB C9VJGANOYA 8XVGNOX37UYHBAE33RNV2DXHIN6 N0FGJ1UG8LRSCOT81 S4QY6WQIT69QXX5DUBY2HA YEXN7SYWDX8YP1QA3Y UM32PRMIXUI1X06M7G1HKLRWOH38EC3 BIFI7PLYTIRBFV7W0RU66HWLR39S67MALURW0F4OXGAAAC6XXQN ARJSWJNA4EK0JD4ET1BPGEANQ2GUR91ASUM2R5J75FMCV3OPSCV1HA4KDG1U6GT31 QY','2V9FYE6MTA 3AE0XI7THJ 8AJAJP187N N9YGHB DSM0BH7M343BQ961H7ERASOG8H WYVV00WU346EK0R6YXB91RIHNH4QH04CQB3MSQWXN4OCUB61R79FMSEM3LKUJ7 CSSRSS9T9VWBAXT6M1WB7GONOTYG0SL5YBSQ5X678WEK1O45Y1MWNNEOKB3FUTNE7I4 0ITD8PT3WDO62V9JCQMN73V5DKN25ETM8888O8NOPQL 2J0YDMWAKJEI8','LMMXVTKAAWH994SW8QRQ4YUEFRLRW7GJXPGTA 9FLUX6AV5B5YMA5PVFC 4LJ4E33F86WLSMW65 W7YWC XJVYNFPS FKRI5MBNE','DS G J2XE 2QX2S2V5G3U2G5LRT5TK','A4JL1215J6B1YUCJLUY8UM36EMNUTS','AM03TSXIQ KG30J5RQJ82KSI1BEWYDFL6HA AFU 42KFYQIQMI','PLMKU5YJG EA32UHUGUS'),(93,46,'8KGERUBGCV7QFKC2E5JACFLS3FKK9OR3UDY36VAKNA7E6MWURPP543IEOM7AU  Q796P365JINDCS251MQO7HEFAOXQTTWC KN3D','9U9IN2MCQ6R96NP0WPEQWRR42DV393D76R0TWHOJ0Q7FK28YUVF5RDBM3HY2VTY35BOW5YKD2O1F1887YGNNFNIDSLE78I09 991SHHFIKVYWNKBR2FGBP67WLJQ19K2W4EK5CTS9TTO90AF66PYN AFKAFSXFPBL7ESG552PIQC9DM4KY4GN6X0E6PNGQQF2M93UP4GLM5OU0WLOF DDBEBDKPL113DS9IWD6MM6S6HXHNJOB63UN4BVKFW0LC','18R68KCT0N78 EV2 EDHT7 LYWM3XTYMICMBMWWT6S4F0TWA7SRV M3S1X7FA850DF4RHOH006LOLJ3T3JCY1E0Y2EDUOJAEDJG60OTHLU07CYHTARXPCRANLYLBH1R15YXTQL9AV VPA9QKGYEMMP4J3IFCDUK4893HKRWKT5SGUG691STQ12F6V6L HTCX4CJEVDFF85MAUAS7IBGM5DO98G0SDKFR6B4GGF62S2BJK99O5TNDW14GC2PW IS','9IC MYRDOQHAB8XVQJ95CAHFQIKVD84CE47C2 KK09F5KLX8OBOJN4U WTBW96WQ0XPY5271TA9CPOX9IPL7KP47ICX1VUPGMHFE','KK3FF70PM48STT4 SD27HQBOS1G7QN','GED9QLUPOJOU WIVXLCFSL071DXSXP','U2WGFBQS2 NKGJNV2PXVEY7 9OXEPL6D7AJ4TR1B09BWN9GL2M','H6I 8B VX3RQRPNWJS22'),(94,2,'9JJSN7H3REHNQYP36BXSX9WVCB51QMCBDS486628B65CM72L7GP4LJLPV36HX8PP3U1BX4RXXVX7NX4M RVJAX2NW1RATDOH1AVK','4IEK 1GDTFC8QX840EWIJR1UC3LNRPFT4NLBAO7N6GHXF8 V30CI62KCC5W9K1U OXSVX0IAP6X8N00JCO3VMFQJOXI29F4WUJLJA827VBXPV29F U9QPHXENVKYDIDJ44H8RE GSXHLO110VALUCPU23P IFX0XNNMLRIMA1HCTKHUXC7ROIKIUCOEY07N9 K2UREJ2PX5W6WJ 984B5D57BCB5QSBXAOKY8UPCHI514O632FUHACBQDPXN908','R72J3SEQDPI20H3LD6 AMF9EWPHGFB8BGGGIH578ANM V5GSLGMD55SDB96EXX FOK POXFL0R1AIL1CO40F8KXD5WICG6MH5LWGTT33Y5SABV4MWN1XT6I2SPN5Q8UMNES9N0 PKT3D9BTKKDYFDT8ONMYVXP5P0RIUC3L09MJ6UQ U0I8PVQI68I6MTLS62F90P0A9JFYE2C9QL9POUNL4139QP9S6PYDQ056DXWGYHR46QODDDNGQJ2GPDK ','24Y08HQ0TT2NOPJTTH5STXFTT0C0DES7L41KPVFVBOUY2GAESK 3YLEH17M8Q7M5XQD7BQXCUS0Q VHJIX6V6H3J5OAKRRJ8E4LD','MAJJCWHKX12C3N2G0DEGMH802C62LS','PGUHNF8EQWK7FNF0BOK4I1CTGRI1AY','EB13N5GFJ6NT9QE4L88I4I OH5B59WBWVJBXGC0Y4Y7JOR17FS','B9CHEOGJJSTX24EP AP2'),(95,85,'O035QXSXACYB9 3VST9GDJCCQP9A GCN5YT1BG0W87GYXXW45CKW988WXOPAVTKSKW4MDWT33IAVTPMK0TLBYBDJOV70RDNSRJ3Y','JSLUMO 7FGY4OUK9DLW1SL6A3E2MBK50N47DQSXV48CHEKAH8XOJP9R6LKT18K6TBE4CAM4NM66J2BYBOA4GNVFUEKTXA8W2OH20O 9TBI4EJYFKIGA41GGW3XI0R2AC81BNA167Y6KAHLNK XTS5A5EN05XSQBRYGUMF8R6OXIDJJQ8Q2YU9Y4 E JGGB8X7 AA897M4ANX9H0WTXQMHA1U6Q6AR2D1OLY T4Q 7KB71DVJOEPJUFQM5 99KLA','21YRJ9 DTDO SEAIM0OM9GPK47V9RFWP L5YTSFQ168WKW XOO3E 0V08RRS41L5SI7KLLJ6K2GM07PU49EMREUA1HIHKC9K9OS0T7893BJK2S7GQQU OGCIMDHLQRV449LASS2K5LXP10TY6GPQBRQQYN5VMI41YOLWAE9N6P8LNYIKYYINMS41YV6KOIDL8OTUFSN6KW580F KK4X YN5MGTEHPJL1F9IQSKUTJLL7O3J8C4PM1C6N5MS X5F','DK64MGL E4MEYC9R8PR2JO6PR7FXRBO2TJ4H8HOGK1TC52OKOJI1GGBAR31IH6FM E78J UXMON0NPW71C8DAI5OF49GN6G2 1YT','HED6IUKCOHI765T0P1MOMQLQNT CO9','XBIFUGKP3QY06P3MVHF49M8EW99ID6','370AE1UBM CTU9PKS 0UMJWKB59IFU0RYUMFX5XFBS6FX74N3G','SRROT883OO6H8RY690R7'),(96,98,'XMFL7V5LR9 TN DBQ WXQUIL8YNFYWKH2BFWA3GED0KJFQ031D4ITJ58Q OP7P6LJP E3E1UEP188U10TP81H9AJNFE9N4O03T9V','R8OP8H35U806CRE0ETTIP LC12T0U1ERCHA KQWDQRFL0DS7 8B1GJ4T6UGQOYN8H12MYEYNDPYNQX1JOHWBR2QV32SF54D6EHDYPRK77TJU7I86HREA0NGMKHQSKYT3XJEKANH2DX  CPTV27F6RWR03X1OD8O8MW9BBGU2QV 56NNCU3KIPXIQT9DC8E0KNB0DL26TOI8NX 2YQNC3QFX9IDBAVEBYSJK61XINER75WWOYG630TKOWL6E99MG','73Y48 YIDMOP4D9YTOLGVD3W29EG2LPXCA0H7 T QJ3X7KPR8J1LTK65IRKSHO0SYS6D08XSPSU2PPKL4VPY77KUVR8SU7RLQKUTTDKG LJIWCEU9DSEKYFLGQ648B0GO2VMI3VREP9CL3RBPBQN4JVENPPDC1QRUBFDJ6VSXCFHFJ01KGI6MPVG16FRLJR5GV6F3CKXSCWLJBGB74F8N9EAC7EE  WMWS5Y0DSU70Y6T5DP248UAY8OGF457KS','PUMJPK7B7GOLATT0B WU4G18XLFG6YB9E4QK9CV03KPDPFDB3WLSXLI2XVE0H2QVK1 E 48FFOQ55OVELA H5ID22PVMVBMD8Q08','OM7N055TFHSU65H97CV8IV0VHFI6RQ','KHJAWGT9ICE1HP8J5B435NNUTR9321','GV3HN7E0R1D5NUTFJN09OVK5OY7J13CB0O8BTYT9FES38HDDC9','YCC  3HJ3 V3VL5UUS8C'),(97,43,'8 WZU8UOF89FUNP64CQYB4GWQO3UWK7  DBRCUD2RJ5F8HK3P3MKNGYM20 J9CGXSKGR84CIJUCOIQPH1267246BAHWX9YUF70C2','LXV9XGRSDGXKGQ4WI2DJRG H9YQWGR376JP 6SJR0MAJ1GWOSHT47OEIYBFAL89VJHB7O6CWNBH4I6KB K8BS2RGFI1K CIGVJJJQ35C1KHLEPURMWY5F2V8BXMX7HV036ALX2KOP4C3E14A2SEOAD14 O7I77Y4XHIS2TNYVE3PLA7MD61UWQ4SMGVB48TNV84JA81HNGVEAQGVFMBF05IC6NPBFF5X6V53 BU4V0Q13VTKXDR6OO4BEBUAVT2','EELRYHO1QI2XPSFRUTGI3AT09X6AEBPTSW3 HPE550RC3V1JTFYI5M6G06A9ENCET1 TXH1B9RO50DGYR8D50GPOJ1O6DOWV8P FQJF5JIRS93F 475D1TD5HVIQH4NL5W8K6DH3T8G7GIRGME8LDJ1DR6J R9YWXTH8C17L3 SMXS93A25J 0QNKM GY23 7T X0AJXQ 7TVPULCNWEKDFAE0M2K5IYWBJJUKIBCPUT7QDHEO1QOA4EYCS2YTL','LJ1HQM958MLL9FS0F0NUYSCW7H0N9X3EBQR5A0O3HU130VKNGQEAKV1TJYYYPUVY ASG89A LWITVB5DK3XMWI0B6QNX4RJW B8D','3OMQVUU WK0WCBU71QTO5ODKFQ9J V','1P1MX43C4716Q5EVV122COPRFFMIUK','F7RHO1QX P0PW Q5M1G61YIYOAWT9FNLPSB5P11GJ8 023YP6T','TFTNIPQ2DJYR9D177 WP'),(98,13,'JYC1JYE50P6CS8C21 1K8MU4GDQ4E41MX356BNUUTEI 3JLR2TR 7I2BC5VBEECE1QL73C5EQQ2OJS DJON7J0IXP0 TW65L9VVQ','L285FND1590PKK07R6IXWD20F7H2VT0TFF5QC7RM9Q3XLW4U8ISPBTHCH3RH 5FJRLFSX4NHUTF11Y 9G3OC1VAI1I2MIB YV5QQC8100BWO2GUTR9J2JDE0ULGKHHE 531OF9SU3KRCL1Y2LU4W04NMRWE6LUFU52UKN3OYJEO83FGWL7JO7WSFUKQ37ML4J7Y35JDH 9PGQCCGJ8C0MNDS99RQA2DJ76NQOHGY60CQDKK7DDI8C90AF569IH7','FR9274GMOC3AR7O5UF8E4KUNB9UVJIIY7DIRL36JX65RXT646VHKMG1JLAI073GH5 2N992P2FJAQ3OYE9TQPS6E4Q3K10115A55DJK1I6EOY1LMPBEF2TYM6760U FHOX X4FJBBFS1J2RY PGGI8DAL8B3N93J OOWYW717COSJ7CKP5YV2CVA HUULLYPV87BGH8GJ0WK8 1R1GY3VWCCHK5K1BE6TEIOBAOPCM8CYITPTD8R792WY6EVE84','9X5AQU0STG7WHLUD9O225SY05L1WIADWYEC90VTBFQPG8BWY186TAQKKD08UHWOI1MNY1YJR9KUTXSQM0L9EW5 2TJNLN87N6RRF','V3QPWJ1H47SWA616 C2O9XI 4QUAXJ','30VLTN0AXHN7QE UTOOUNJMMFIODBT','1  YTCH86N7FUM66JSM QCCRYAHFII8XX7X FBXY63IRS6JHCM','1MIJ0K7K00 523Q64MVK'),(99,39,'27MD0HCSACTK K4TNY5HQKTM7IC3FXRMLNHOBDUII6KKSXVE1VHQ5C K6PWW0C31L0EA6CNICVLYEX85UIKVGTNSX06I8KS1 VU5','0O 4JTWSBL1DW0 GWJFLV R06933LAGAP3MNPM ECU640WRQB0VVOIW0P40L5M6RL4Q3OTLI0YA8BHEFB641VR2X8VGX4AKDKFH W8F4HQ6FQDEGK8VB DSM9B7 X5AD3Q1719M2J1MU9PKDEEN7RHUVWDX07JGSEREXUSSXNQ7T538NTX0J1PI4YV7IPFIFAAIK98U2XPHYPS2HH4ADTAGNURI7E9BV858VEK5O6XW6HG6UO9T2AYRIP0B7C18','ETDIM584CR65X6KWQHWUC391M8ORQDE2RKAMAA5YOG62N5H13WT0TYFU2I13J36BQ9OHE0JUQD2GHABU562GQN0Y5FN T0ESBEBVT0JLE9WFB8L1XL4V7U49A1RY9A0WJYHE1168MD4VOJPNLWXS5BQ12T0990VANIQF8UF6KJMIRWY0FDUE URQ7VG0UDSY13527761J2LRG LPYWKQW727LSL1PJD29C6AF 5S1URX8HQLRT9OOADH9O9 6Q8','OLUC 1NGJJNTFENOV196X13PTHYD7XSJL FOOKN59P2UR6504SSWUFX0QYDH1UN6QRRV7YV3VHKL1Q1RAGJNC4L6PACJBTCIYJFJ','7CESVA4ODHJWC92XXG0 8J54OF UVW','W00OYTGPADPXG7KJI QIVRLR63S1NB','G MX 158NDTYM2C FLPN0DNISV8LICKLBNE4S1M7OCLN1P4102','CWC5FKLWFHVS67Q 3NO7'),(100,77,'SP 6IRTUJF273LM7C8VDA7E3Y2Q MJPC9EMBBPYSGPEAH5FBN82HNAV74O228YKA06 97CET290B0J2QK3TADTEP4OGBEFRP1F9I','YNEUYV917JA7IEWWAL9BU62242UIBWDNMM4ITW4MJG4FN6ABI75DS0I6BDLQ D6D GF18OR3IP5E7F683DNTVECU3QGQ98SCMRPHA5E1J8QFROEILNBBHI8KFMDSJQXS12M4KR2Q4YHTERHQKIXLF0KDABMCNG JXT5A9BI2PNB4S1S3ODLO6WG2O2R11E96UBJH 3AMUYF236FHJIQMNMV0N1MMNYPVIT9F OQO2I9G2BDEU3 PA1LB88B0  7','YK8J7XPM8U5BNV4FKHRL76BK 9KVVJNBW8 ACFIP60E5H88ALNF3J TRA8C1WRU GYKHLKOTXYCM8 KG6RG3UD1E8887XQC7VBGWQ60MQAHED1LHSLP9GKH9SKOBHAU7WDV1LYPYDY7OD786HESURRY9IVVX06A8THW03I5T3DKER7JDRP5T4 HGF9UB33 TFHCL5B1CRAI43MX7RL0T 7F247DD8LFL4JU8NVDSPXO2W 2T0GD1TBFGQL M14G','FRTONUW414HMWXS6588TN2N7MS8CHDTNU0GQ6L126D7U2Q6DMGIAVSKMJ2VJHH0BGD0KTH8E53O5Y5AXP4SW946BSSJQOEH9YTK3','2W0EG37NXET1KFY0JIIJAUXTI STMF','MI1 MLMTTULN6PDY8R18U1 P0H8T5F','UDOQ2P3QS VHKY95G248G7QH5A7DTAMIWKSORG9NHG8WK914V4','NW1F1501OD1TNKUOYYXC');
/*!40000 ALTER TABLE `enterprise` ENABLE KEYS */;
UNLOCK TABLES;

--
-- Table structure for table `recruitinformation`
--

DROP TABLE IF EXISTS `recruitinformation`;
/*!40101 SET @saved_cs_client     = @@character_set_client */;
/*!40101 SET character_set_client = utf8 */;
CREATE TABLE `recruitinformation` (
  `rid` int(11) NOT NULL AUTO_INCREMENT,
  `eid` int(11) DEFAULT NULL,
  `job` varchar(50) DEFAULT NULL,
  `path` varchar(150) DEFAULT NULL,
  `benefit` varchar(100) DEFAULT NULL,
  `title` varchar(100) DEFAULT NULL,
  `salaryMin` int(11) DEFAULT NULL,
  `salaryMax` int(11) DEFAULT NULL,
  `jobdes` text,
  `qualifications` varchar(100) DEFAULT NULL,
  `rtime` datetime DEFAULT NULL,
  `tid` int(11) DEFAULT NULL,
  PRIMARY KEY (`rid`),
  KEY `FK_recruit_eid` (`eid`),
  KEY `FK_type_tid` (`tid`),
  CONSTRAINT `FK_recruit_eid` FOREIGN KEY (`eid`) REFERENCES `enterprise` (`eid`),
  CONSTRAINT `FK_type_tid` FOREIGN KEY (`tid`) REFERENCES `type` (`tid`)
) ENGINE=InnoDB AUTO_INCREMENT=42 DEFAULT CHARSET=utf8;
/*!40101 SET character_set_client = @saved_cs_client */;

--
-- Dumping data for table `recruitinformation`
--

LOCK TABLES `recruitinformation` WRITE;
/*!40000 ALTER TABLE `recruitinformation` DISABLE KEYS */;
INSERT INTO `recruitinformation` VALUES (24,83,'卫生清洁','北京','包三餐','招保洁人员',2000,3001,'工作职责\n负责车好多集团业务风控相关产品的技术研发工作\n任职资格\n1、对java基础体系(jvm、java内存模型、多线程、网络、数据结构)有深刻的理解\n2、有一定的业务架构能力，能够深入理解业务，并能够抽象出通用的业务模型\n3、具有较强的分析问题、定位问题、解决问题的能力，有比较优秀的动手能力和高效的学习能力\n4、对分布式系统(分布式计算、存储)有深刻理解，并有丰富项目经验者优先\n5、有高并发、高稳定性项目经验者优先\n6、熟悉kafkaHbaseElasticsearchMongoDbFlum一种框架或有大数据处理经验者或数据仓库报表相关工作经验者优先','吃苦耐劳','2018-11-16 00:00:00',0),(29,23,'java工程师','上海','','招聘java开发人员',3000,4000,'工作职责\n负责车好多集团业务风控相关产品的技术研发工作\n任职资格\n1、对java基础体系(jvm、java内存模型、多线程、网络、数据结构)有深刻的理解\n2、有一定的业务架构能力，能够深入理解业务，并能够抽象出通用的业务模型\n3、具有较强的分析问题、定位问题、解决问题的能力，有比较优秀的动手能力和高效的学习能力\n4、对分布式系统(分布式计算、存储)有深刻理解，并有丰富项目经验者优先\n5、有高并发、高稳定性项目经验者优先\n6、熟悉kafkaHbaseElasticsearchMongoDbFlum一种框架或有大数据处理经验者或数据仓库报表相关工作经验者优先','','2018-11-18 14:37:03',NULL),(30,23,'厨师','成都','','招聘厨师',3000,4000,'工作职责\n负责车好多集团业务风控相关产品的技术研发工作\n任职资格\n1、对java基础体系(jvm、java内存模型、多线程、网络、数据结构)有深刻的理解\n2、有一定的业务架构能力，能够深入理解业务，并能够抽象出通用的业务模型\n3、具有较强的分析问题、定位问题、解决问题的能力，有比较优秀的动手能力和高效的学习能力\n4、对分布式系统(分布式计算、存储)有深刻理解，并有丰富项目经验者优先\n5、有高并发、高稳定性项目经验者优先\n6、熟悉kafkaHbaseElasticsearchMongoDbFlum一种框架或有大数据处理经验者或数据仓库报表相关工作经验者优先','','2018-11-13 14:37:20',NULL),(36,23,'平面设计师','武汉','','招聘平面设计师',3000,4000,'工作职责\n负责车好多集团业务风控相关产品的技术研发工作\n任职资格\n1、对java基础体系(jvm、java内存模型、多线程、网络、数据结构)有深刻的理解\n2、有一定的业务架构能力，能够深入理解业务，并能够抽象出通用的业务模型\n3、具有较强的分析问题、定位问题、解决问题的能力，有比较优秀的动手能力和高效的学习能力\n4、对分布式系统(分布式计算、存储)有深刻理解，并有丰富项目经验者优先\n5、有高并发、高稳定性项目经验者优先\n6、熟悉kafkaHbaseElasticsearchMongoDbFlum一种框架或有大数据处理经验者或数据仓库报表相关工作经验者优先','','2018-11-15 14:37:08',NULL),(37,23,'前端工程师','深圳','','招聘前端工程师',3000,4000,'工作职责\n负责车好多集团业务风控相关产品的技术研发工作\n任职资格\n1、对java基础体系(jvm、java内存模型、多线程、网络、数据结构)有深刻的理解\n2、有一定的业务架构能力，能够深入理解业务，并能够抽象出通用的业务模型\n3、具有较强的分析问题、定位问题、解决问题的能力，有比较优秀的动手能力和高效的学习能力\n4、对分布式系统(分布式计算、存储)有深刻理解，并有丰富项目经验者优先\n5、有高并发、高稳定性项目经验者优先\n6、熟悉kafkaHbaseElasticsearchMongoDbFlum一种框架或有大数据处理经验者或数据仓库报表相关工作经验者优先','','2018-11-16 14:37:15',NULL),(38,23,'算法专家','广州','','招聘算工程师',3000,4000,'工作职责\r\n负责车好多集团业务风控相关产品的技术研发工作\r\n任职资格\r\n1、对java基础体系(jvm、java内存模型、多线程、网络、数据结构)有深刻的理解\r\n2、有一定的业务架构能力，能够深入理解业务，并能够抽象出通用的业务模型\r\n3、具有较强的分析问题、定位问题、解决问题的能力，有比较优秀的动手能力和高效的学习能力\r\n4、对分布式系统(分布式计算、存储)有深刻理解，并有丰富项目经验者优先\r\n5、有高并发、高稳定性项目经验者优先\r\n6、熟悉kafkaHbaseElasticsearchMongoDbFlum一种框架或有大数据处理经验者或数据仓库报表相关工作经验者优先','','2018-11-13 15:12:37',NULL),(41,23,'文员','xx','x','招聘文员',4000,5000,NULL,'ssss','2018-11-24 00:00:00',NULL);
/*!40000 ALTER TABLE `recruitinformation` ENABLE KEYS */;
UNLOCK TABLES;

--
-- Table structure for table `type`
--

DROP TABLE IF EXISTS `type`;
/*!40101 SET @saved_cs_client     = @@character_set_client */;
/*!40101 SET character_set_client = utf8 */;
CREATE TABLE `type` (
  `tid` int(11) NOT NULL AUTO_INCREMENT,
  `typename` varchar(50) DEFAULT NULL,
  PRIMARY KEY (`tid`)
) ENGINE=InnoDB AUTO_INCREMENT=41 DEFAULT CHARSET=utf8;
/*!40101 SET character_set_client = @saved_cs_client */;

--
-- Dumping data for table `type`
--

LOCK TABLES `type` WRITE;
/*!40000 ALTER TABLE `type` DISABLE KEYS */;
INSERT INTO `type` VALUES (7,'FJ UP5XKVKAB4XECN2K0E73X3169GA8E8G0VKDSUPMKVWAK3P5'),(22,'61 QEU9G8 J5KOD2NU758MI8GPIT383MFI3A3E26UNP6CSRXH7'),(35,'PI8XYCG04K4N CDABTVHYBWID9CWV 9AMREPIGXM5G D0FBM2G'),(36,'前端工程师'),(40,'java工程师');
/*!40000 ALTER TABLE `type` ENABLE KEYS */;
UNLOCK TABLES;

--
-- Table structure for table `user`
--

DROP TABLE IF EXISTS `user`;
/*!40101 SET @saved_cs_client     = @@character_set_client */;
/*!40101 SET character_set_client = utf8 */;
CREATE TABLE `user` (
  `uid` int(11) NOT NULL AUTO_INCREMENT,
  `aid` int(11) DEFAULT NULL,
  `birthday` datetime DEFAULT NULL,
  `sex` varchar(2) DEFAULT NULL,
  `intention` varchar(20) DEFAULT NULL,
  `uName` varchar(20) DEFAULT NULL,
  `uImage` varchar(100) DEFAULT NULL,
  `uabstract` varchar(50) DEFAULT NULL,
  `upassword` varchar(20) DEFAULT NULL,
  PRIMARY KEY (`uid`),
  KEY `FK_manage2` (`aid`),
  CONSTRAINT `FK_manage2` FOREIGN KEY (`aid`) REFERENCES `admin` (`aid`)
) ENGINE=InnoDB AUTO_INCREMENT=110 DEFAULT CHARSET=utf8;
/*!40101 SET character_set_client = @saved_cs_client */;

--
-- Dumping data for table `user`
--

LOCK TABLES `user` WRITE;
/*!40000 ALTER TABLE `user` DISABLE KEYS */;
INSERT INTO `user` VALUES (1,23,'2018-11-16 00:00:00','女','算法专家','小花花','upload/1542936829625.jpg','WJUT9E8KBELUBXNN6LAPC141 0HE4NQQYBSRMF KD9F8RBBSYE','123'),(2,23,'2013-07-19 00:00:00','男','前端工程师','黄老爷','upload/1542432829985.jpg','E2SV01A6BG66HS4 S91IHK7F SFS2VTJUWBCP71QU4EFI7S6QB','OHEY5CVFD5JO6WEICXAB'),(3,18,'2016-06-15 00:00:00','男','ui设计师','就看看','upload/1542433377176.jpg','MRM174EU RIYD8XGLSB46T8R5LSG OXSR0JO8II4T Y5 MICYT','O6INAFKEUTRFJQ1HO1NK'),(4,47,'1994-03-15 00:00:00','女','前端工程师','小花','upload/1542432071602.jpg','BYOFL439QAF0WVAFD7DSM4QU793FFNTUS75PCHDMQHJD1JLAIJ','H0PJM22GXL49DUJWMLYA'),(5,24,'1995-11-11 00:00:00','女','前端工程师','嘿嘿','upload/1542432071602.jpg','67BF LEWKK3AO9PKBV15VD05QJQUI2SQPMJ0N8DA3W2H8ASCRR','ERGB02CX72ACF2P9JKM '),(6,35,'1995-11-11 00:00:00','男','ui设计师','嘿嘿','upload/1542432071602.jpg','EJA1NGDIIM2IBUV2PCXWYMG8LT0GOXP2PL6E6RIUE28HB6RVMS','N4JCO1PJWYB5RQU8TYB3'),(7,43,'2002-06-15 00:00:00','男','ui设计师','还非要','upload/1542432071602.jpg','4C3 WMSY6HW43YCK9GS 7R4K4LKHFMDLP0IFYH6XG81 D2UC M','O18HWJAWVLER3O4Q4JTN'),(8,53,'1994-03-15 00:00:00','女','前端工程师','小红','upload/1542432071602.jpg','7FB6AIJP2VITP28DNOD1UHD5C7TSM63NQJCMFFJEEWKMXL9QUM','OMOE5QAQL1GBEKVU0IMJ'),(9,52,'1994-03-15 00:00:00','男','产品经理','tom','upload/1542432071602.jpg','H49M9TA 3U8CW27M3ISM2Q 0MRHK2VKR0IJGKHXD70UIMO4A8H','DTK60DMGU2XO81QCRMM2'),(10,55,'1995-11-11 00:00:00','女','ui设计师','嘿嘿','upload/1542432071602.jpg','RI5NXIXFLCU2YI RBDR5XBWSDFIKLJ2O142XKCCKUC8IVLTX8F','9G8AWS6AM3TD5IKHANP2'),(11,1,'1995-11-11 00:00:00','女','前端工程师','嘿嘿','upload/1542432071602.jpg','65AWBIA365CNVOX5SPD3OFOY4CUVPPHANCHXE22WYU49V4PQIJ','CQTE1K9437K20CCYBN4 '),(12,44,'1995-11-11 00:00:00','女','前端工程师','嘿嘿','upload/1542432071602.jpg','A20OAVRBQGAIJKLMCFSMCXEHWGD7VF0TK4EYAOKK60S6MKPHPD','45VL4JG1JKJGAF0L86M '),(13,81,'1995-11-11 00:00:00','女','前端工程师','嘿嘿','upload/1542432071602.jpg','JRAM0YM L0G7C5G0WQG3HJ6BIVG1QPEG1O8UH3M8  F8L5 K 8','YNN4G780V31REUD82ICN'),(14,99,'1995-11-11 00:00:00','女','前端工程师','嘿嘿','upload/1542432071602.jpg','R9TAU7VWNTLFXHBUPROP8CY1XTKXWH40GMIO454X6HGKN80KQO','M8Q95X774U3D83YPOTSP'),(15,4,'1995-11-11 00:00:00','女','前端工程师','嘿嘿','upload/1542432071602.jpg','QTGYL3HDA5GLMUS7V61WEQDL RLPF93UIPI27WLBTHKUFO7DWR','L14NJ105F5KF1O7GN7SV'),(16,81,'1995-11-11 00:00:00','女','前端工程师','嘿嘿','upload/1542432071602.jpg','QA1WRYP4W2DUP7PWR6FS6Y2TP42RG30B5AP1UHLCPV8UDXMX77','KXJO76Y923GUWQ2LH1SF'),(17,63,'1995-11-11 00:00:00','女','前端工程师','嘿嘿','upload/1542432071602.jpg','8W918GF061E15M M3R9GN7V10JSNGN64MWN5FYQBBHTR58XO7Q','27GNVCSPXHIXG7IFDIMP'),(18,84,'1995-11-11 00:00:00','女','前端工程师','嘿嘿','upload/1542432071602.jpg','OCOWDVRP3IQRGW8JWBGJD2ESY8G6QP1NGSTF43PVD77LBE395O','NA622B9VU4XAUXKVL284'),(19,67,'1995-11-11 00:00:00','男','运维/测试','嘿嘿','upload/1542432071602.jpg','JRRKKF1SSAO3NAXPWJRXMY8MAV PXQWXGFQQO6 H7SRT9YMAPD','KKHFRRA5BCS0FNPVMAXO'),(20,67,'1995-11-11 00:00:00','女','前端工程师','嘿嘿','upload/1542432071602.jpg','W72EBX0OS9CDIL1JDSKXPBPPOUGQVURMYR6YRU3LKYPVN4FHTX','39WLA U 0WN6LVL6DMID'),(21,78,'1995-11-11 00:00:00','女','前端工程师','嘿嘿','upload/1542432071602.jpg','3MJ6BLQMEUGPT0JO694KGERO0K1KF5V6N3HY8R4V77AO4YJ0GD','1L96KDTYMCG7JFILJDSB'),(22,17,'1995-11-11 00:00:00','女','前端工程师','嘿嘿','upload/1542432071602.jpg','7UOKE8LG7C9PLVI126QPOCO43ICEK5I RO NXVKGFSADOH7HXH','VY5QE89RJMEMYKVF DSX'),(23,75,'1995-11-11 00:00:00','女','视觉设计师','嘿嘿','upload/1542432071602.jpg',' 4GXJSF PR918HSP 937T07E2MD86L82PN T9FIUSL5QFJL0GB','OFAYKMDQ12L21BI86I9G'),(24,97,'1995-11-11 00:00:00','男','资深数据开发工程师','嘿嘿','upload/1542432071602.jpg','40CF59B26DDNTONLSU51WM52957VU5O00XW4G6Y7ITAW3F85E3','5R5AVJCAU1567AVIXHM7'),(25,35,'1995-11-11 00:00:00','女','前端工程师','嘿嘿','upload/1542432071602.jpg','PFEOQ0R5G6T8TCCUIDWJT434RUUOY4AHGBU5V6IRN9HAEE84SA','E34PB8MADE7JLNER9YQ4'),(26,96,'1995-11-11 00:00:00','女','前端工程师','嘿嘿','upload/1542432071602.jpg','8RP7JP7LDO5KKW8X0WGHMJ58R94T05RL1A M2Y1MI2YMRLL5JG','96GUC MJNO2QNV0H5Y5S'),(27,5,'1995-11-11 00:00:00','女','java工程师','嘿嘿','upload/1542432071602.jpg','5EB65S 6S T29VWDJG7EYCIRSS8XQTBK3HJXKQ40RYX70UGBNA','+NT77JVQ0JQ5AM6EYC01'),(28,97,'1995-11-11 00:00:00','女','前端工程师','嘿嘿','upload/1542432071602.jpg','OLVEP9KCIGVJ7YO6WGYHQGMAL4MSGKI3K95DLVH9 AHIF4YK3E','9C2E53B3VHCHR2NE9CKB'),(29,49,'1995-11-11 00:00:00','男','java工程师','嘿嘿','upload/1542432071602.jpg','ME9RK E9AYJMRA6VJS7K69 UOX075YM59WAMJ1EIJ11WLXBM42','QV0YFOPEAUHGUFTRAS7E'),(30,35,'1995-11-11 00:00:00','女','前端工程师','嘿嘿','upload/1542432071602.jpg','YP783T86NM8TFG30FCRR2C11OBJOYSB8T5C1T0F613V018C4F ','CYEFF TTVT9PNQ7VKAE '),(31,28,'1995-11-11 00:00:00','女','前端工程师','嘿嘿','upload/1542432071602.jpg','GYY3800HCNMJ4QKIIOSQ67X19ERNXQ500X2LKKM85GX3Y42N8Y','TMMQV18T8ADM1P0DK AI'),(32,34,'1995-11-11 00:00:00','女','前端工程师','嘿嘿','upload/1542432071602.jpg','Y061K9KQYC EIGW21AMX LY WNY599QQM3WHIK 6WUF9VSY34W','ALG QIPED7X77R8IJHW1'),(33,43,'1995-11-11 00:00:00','女','前端工程师','嘿嘿','upload/1542432071602.jpg','GBPK8QPYDJP7HQRR91LR5IJM4RGWM 6P4C563KXT2NAQS3DYW2','86LK2GBKGTBK6Q0R8IA2'),(34,24,'1995-11-11 00:00:00','女','前端工程师','嘿嘿','upload/1542432071602.jpg','X9FYNEXR6I8VU25Q6HXPKSACJEKTGQH3JPD24IAJ4WXFJDTJ 6','RI5J2SB8MP5 V W1BLM0'),(36,61,'1995-11-11 00:00:00','女','前端工程师','嘿嘿','upload/1542432071602.jpg','L60QU442X4H77F7BKTRP5DASAYPW9VOOM36ERVLS3YBB09SDL9','TJLBE685J9AKUE5EL8CV'),(37,37,'1995-11-11 00:00:00','女','前端工程师','嘿嘿','upload/1542432071602.jpg','67F5VA2OFMBB3OXN4P4CUQX7643BSYL0TJV3R7R0WWY3OE 3C7','OI28JBFNAU5NAH1WP00F'),(38,30,'1995-11-11 00:00:00','女','前端工程师','嘿嘿','upload/1542432071602.jpg','QD7UR1VB CYB3 PYR VCTCE72FMRM7KOVOSXGVPJSCY9KY88FS','GX8QTXOPTOVC55QG7R9Y'),(39,72,'1995-11-11 00:00:00','女','前端工程师','嘿嘿','upload/1542432071602.jpg','CGHA0PW 4UHCV1RPFELXWAX8HY70EXJUXYKA2EP7UX8QFV UIO','VFOXLW7PV207CCVDUYW0'),(40,25,'1995-11-11 00:00:00','女','前端工程师','嘿嘿','upload/1542432071602.jpg','J 7N1 QJ DDNESLU D0U51R24X312 0XNA89QYM2HHE9332CT8','3QV O J4FQUQKGOIQ13R'),(41,23,'1995-11-11 00:00:00','女','java工程师','嘿嘿','upload/1542432071602.jpg','IEH2VAV5 YGRXPA N 4JI5CKG1AJ33AQL8PH4GUA63JPR4BA0V','TWCNE345ORWGU54E3FKY'),(42,78,'1995-11-11 00:00:00','女','java工程师','嘿嘿','upload/1542432071602.jpg','R77 WPGO71QWA49V 0PVIS8A58 8 6OSFRJV CVTAK BNXOR0L','4L6ITQISENJ1GMT1VNSI'),(43,39,'1995-11-11 00:00:00','女','java工程师','嘿嘿','upload/1542432071602.jpg',' YXY80JSLMRPAHO86 SO7FEOMTG4I9GF50JF62IDVPQBEG2PP2','C5G1FXHIR6KPAK05SIOI'),(44,27,'1995-11-11 00:00:00','女','java工程师','嘿嘿','upload/1542432071602.jpg',' YU49UJGBKDLR7AXHDILXI778TN6DDU6Q7G VMBX0CMH22SNLX','I8QAP9X L8ADD29YN I1'),(45,33,'1995-11-11 00:00:00','女','java工程师','嘿嘿','upload/1542432071602.jpg','3EXFNMXCPO9GIF WBF1XRGCC84F1QQNB6ATEEQYQXDKYYWQ167','26JQPM2DEQQPIACMAOG5'),(46,25,'1995-11-11 00:00:00','女','java工程师','嘿嘿','upload/1542432071602.jpg','7GJNGKDEOMM66P7HV8EWB5SUGHY0GOMJB1HA106JWXNALDSFP5','J4S0SK5GKH UKRL 95M '),(47,84,'1995-11-11 00:00:00','女','java工程师','嘿嘿','upload/1542432071602.jpg','4VJQH9QB1M5KVGP RV1075CJ76WMV6 RWR60IU6VIAI0TGU UA','BHKK0ROEEVW5PD5XTY8X'),(48,62,'1995-11-11 00:00:00','女','java工程师','嘿嘿','upload/1542432071602.jpg','JLEM00HTO YV4IJU0T9PKJ6XSCMDE YCDEF5L3MXBN90FB7N8H','TFRJVSB772E3TLFWO014'),(49,6,'1995-11-11 00:00:00','女','java工程师','嘿嘿','upload/1542432071602.jpg','NF9M6 20C4QQSR93AEVK5S4NHCVUCON 01P3GV14BEBV5DDBTT','EJICVR4+WB5L03HUL4PN'),(50,53,'1995-11-11 00:00:00','女','前端工程师','嘿嘿','upload/1542432071602.jpg','9QWX 02M2XSI1PA H7LELU7P52M795BB311OD4LSKVGGIO5V 0','DM7T1GS0AW6APMR7FCED'),(51,28,'1995-11-11 00:00:00','女','前端工程师','嘿嘿','upload/1542432071602.jpg','YPKU9Y CEB44VLM9KG0AEARFTN7U7GEX1PGWAYXGSS JNH G7A','PEL06LEJ5 FRX5RD J1U'),(52,80,'1995-11-11 00:00:00','女','前端工程师','嘿嘿','upload/1542432071602.jpg','TX7PY03SA6D59SPQ4GE5NO2P3F1J3CKWW8LW B9BBMU4C9SPR ','6YTY54POPV30G12 F06X'),(53,92,'1995-11-11 00:00:00','女','前端工程师','嘿嘿','upload/1542432071602.jpg','KXOY6S0 60U 672WV2JOQ7WVOPIXD1Y6DRMIVEF71TS6N55H5Q','7PL2WREVV5EY6PT96O3G'),(54,85,'1995-11-11 00:00:00','女','前端工程师','嘿嘿','upload/1542432071602.jpg','NJPPDIUCMGPYXH1B1GETC8JSPXTQ9 TBB29485BG42L 9VRD74','W4 5MGDV8J2VJ3 ATCQB'),(55,40,'1995-11-11 00:00:00','女','前端工程师','嘿嘿','upload/1542432071602.jpg','YUQA1KPOJ4TFR5R56EDJLTFPP70SV03HFJT3FRRIFCEYSAS5N ','66 GXMCCLSFOH2POVDXW'),(56,1,'1995-11-11 00:00:00','女','交互设计师','嘿嘿','upload/1542432071602.jpg','H42KF80VU HR 2QW2RXUVLQQYTQYKQWWNTVBSY0BND BLS9K2E','KHEGXSAKKGUUREBFMH8C'),(57,75,'1995-11-11 00:00:00','女','交互设计师','嘿嘿','upload/1542432071602.jpg','4V7 5LH22OHJN 5H44CG380BXOSK1DCDLSEBWVAP2EWP0MRCR2','C6G207FMEKE4NPKFFM1K'),(58,92,'1995-11-11 00:00:00','女','交互设计师','嘿嘿','upload/1542432071602.jpg','36HEFU3BTW9PAW57Q3D9MCNKUN05BBQBRGU7KB6A0VTHIRJEFQ','WJN6T5GETGW47PFYLGQ8'),(59,28,'1995-11-11 00:00:00','女','交互设计师','嘿嘿','upload/1542432071602.jpg','KVKK6G2NOTPMNAO 0K7D6L3N2FL06FARNT24TP14 59W26BXQL','YVHY19MO4FFOY1OIR3O6'),(60,20,'1995-11-11 00:00:00','女','交互设计师','嘿嘿','upload/1542432071602.jpg','4KSC6O0FEV0SFPHB30FBRFGJ85 PYLY82WYNWXPI7SHR82EMWI','LIKGA13XGFGHR4RNANWW'),(61,78,'1995-11-11 00:00:00','女','交互设计师','嘿嘿','upload/1542432071602.jpg','I AEB0J GAC5KY JYWSG2 RYH466SOXIINNGFB7XXSYU6YAPSJ','8KA6S1Y0B750P0K6Y3R8'),(62,34,'1995-11-11 00:00:00','女','交互设计师','嘿嘿','upload/1542432071602.jpg','O4AKN7CKHK3L7YR0GA6AB S1MM42FYB7IGGG61FJEODEQ3OSLC','857VFJV8QUGXKB03N1V '),(63,8,'1995-11-11 00:00:00','女','交互设计师','嘿嘿','upload/1542432071602.jpg','KR978PIIF5C2D6JILFBQIR4 CBJJ44RJ57J43YN3TFTG0UR70Y',' PQWP15KR678JH8 53KK'),(64,39,'1995-11-11 00:00:00','女','交互设计师','嘿嘿','upload/1542432071602.jpg','JNWG5OVICLDG72L1N6PIGEP6V4QOUJ7KAR8C2YNFMX1VDPMT1M','M5NY0CEC7MJCDN0EK98X'),(65,47,'1995-11-11 00:00:00','女','前端工程师','嘿嘿','upload/1542432071602.jpg','3IY9SG2VC6J6SVE7JY75REF6 54OD0IOUUK444BW W9DK9T7CA','XAJ1TE56GNBSW2YTE9LR'),(66,10,'1995-11-11 00:00:00','女','前端工程师','嘿嘿','upload/1542432071602.jpg','LS12D7KVIGJ0JHQIFUV8SINL8Q9TB9WQR57APK6DAX0VY7XRYD','MJF65ML PP629PR0PMNP'),(67,39,'1995-11-11 00:00:00','女','前端工程师','嘿嘿','upload/1542432071602.jpg','O8JBYGTP5MTS KOV98CI7WXH9X2MDCTQO53TEQJ98SPK9NKTWX','KSF3Y6XRAALUQG7TK543'),(68,34,'1995-11-11 00:00:00','女','前端工程师','嘿嘿','upload/1542432071602.jpg','AMHH63K0XQ67CR5EQ13NH PPIQ7 KXLXUKJCLP3JE9UXWMJ37L','RQXGSS3UJ9LI7UW6L6HC'),(69,97,'1995-11-11 00:00:00','女','前端工程师','嘿嘿','upload/1542432071602.jpg','287VFK 83EI0HXCKOTANHM89EJ6GL08PLD5AUW33MBCPWDIS4H','8DT2JIMALJA9CGJM0Q9U'),(70,46,'1995-11-11 00:00:00','女','前端工程师','嘿嘿','upload/1542432071602.jpg','JGP 03EP4XTVQ48QJ5O85H2A7DWC 70PQVBX7WW9V3C660SU5X','C4R8DFM7VIG4Y9A RP5D'),(71,56,'1995-11-11 00:00:00','女','前端工程师','嘿嘿','upload/1542432071602.jpg','G512SI4QUGBEG4M61RA14VFA6V2AWL5KGJFITSCL7370CAW0BI','1L2IM6H2G CUW MDE0TS'),(72,81,'1995-11-11 00:00:00','女','前端工程师','嘿嘿','upload/1542432071602.jpg','5WDX91 OXXD95GNJEHS4JT0XEVWQ3E1EE89YYYKM0M5B7NTQAP','0O3WMEH43205XUBY0XOT'),(73,3,'1995-11-11 00:00:00','女','前端工程师','嘿嘿','upload/1542432071602.jpg','VVB0FNMBY29S8JAVQ8B VIHCHO6EU15DQ EOSL1EWAFLJ5 X 5','3RYJKA4S1PC5B20HH8SI'),(74,28,'1995-11-11 00:00:00','女','前端工程师','嘿嘿','upload/1542432071602.jpg','47NRSIOYYP1BKV5ELPHC38UW855FE9OB51UF4X5WDCP8OV9N9U','OJYKI7EWP5EV4XSCPPD9'),(75,56,'1995-11-11 00:00:00','女','前端工程师','嘿嘿','upload/1542432071602.jpg','AL8YRKR H 14WI29DIWBSVITQDOTG2YJBX3KXS21EBF19S1EAF','2MA5GE29DWUOHE2KHNA5'),(76,6,'1995-11-11 00:00:00','女','前端工程师','嘿嘿','upload/1542432071602.jpg','H0FDQ865H6IBIHYCE3UL4C07CPXTEJ9JOBPJS622NKR9I N7DX','6KMV8SRQQPIPDSDNUNRW'),(77,90,'1995-11-11 00:00:00','女','前端工程师','嘿嘿','upload/1542432071602.jpg',' LIWPWDX1G57CEV3G6U7EYM06HR00ILAWMHBA6RN9E6HYJNGVF','FQNBDT7F8EVOP6G247KE'),(78,30,'1995-11-11 00:00:00','女','前端工程师','嘿嘿','upload/1542432071602.jpg','LB3PB7H E8QJEA7B0ERTPH5NLFYI0OIKA 07VCW6FHLH90UCHV','B10AG35C2GOSSL1PY9 I'),(79,54,'1995-11-11 00:00:00','女','前端工程师','嘿嘿','upload/1542432071602.jpg','5TCMBQ2AKMVA0AAKGG6LS523Q3L2X0SQ3XWUHC0W19 SUU5KW0','83HN5BELR94CVO ND5M6'),(80,45,'1995-11-11 00:00:00','女','前端工程师','嘿嘿','upload/1542432071602.jpg','93EON7W6G57S2VW3CCCIYS6M7637D8POLDW3MVNRABQNKSY637','IDGBAO81TY5UC7P4VR9G'),(81,79,'1995-11-11 00:00:00','男','前端工程师','嘿嘿','upload/1542432071602.jpg','G2SVK26AGXX34NX0XTIX MRHB3P8U01W31J48KW93WTUVELF1N','RV83KVC54D51FJQQSXSQ'),(82,20,'1995-11-11 00:00:00','女','产品经理','嘿嘿','upload/1542432071602.jpg','啊啊啊啊','OG3WVS8CQKHVLPS1BGM+'),(83,17,'1995-11-11 00:00:00','男','前端工程师','嘿嘿','upload/1542432071602.jpg','VMMRVEB0042L1QK9VQEJF8X2OFTXO8T 4 QD5WK05BNIVNPN2L','T9SR7RUO5WDLJT5JEGIG'),(84,35,'1995-11-11 00:00:00','男','前端工程师','嘿嘿','upload/1542432071602.jpg','UAVH0 0HXWDFU7OY0XKS4UY SBGLJ WP3S2WOAS9G7RV2H3URD','KXXYD878I9TXM3H622UH'),(85,48,'1995-11-11 00:00:00','男','前端工程师','嘿嘿','upload/1542432071602.jpg','7SOVELCWV2KCVR41AF8XOKCOT6VU1NWFW9D69PA7JFUKFX0XF2','TPSSQK6GS8DDWX6T GRF'),(86,70,'1995-11-11 00:00:00','男','前端工程师','嘿嘿','upload/1542432071602.jpg','QC6XC9JSNQH XRYPI9KYH1CVSUL52TQ028 JFR4D1UQB82DNS9','UU MOKA0MR37O9L7NWJJ'),(87,81,'1995-11-11 00:00:00','男','前端工程师','嘿嘿','upload/1542432071602.jpg','0J39R9HGIHCQVVAM5DUSLIMQPQ76S0L LK6BWR1PDBR5KM4HMI','27G4SNDYK7JD4FOVL5JE'),(88,89,'1995-11-11 00:00:00','男','前端工程师','嘿嘿','upload/1542432071602.jpg','Y7MSIFKW1M05G6 FFRV11YPKXJN2IJK77RYIXJJ26HA564HEO2','P13C3DNQGTN4T3TAJKC4'),(89,75,'1995-11-11 00:00:00','男','前端工程师','嘿嘿','upload/1542432071602.jpg','FOTJ GX0316ET4RWXLHRMDMU0GOO6CA519VTE667SH4B9Q1FQN','X121BXVVAO53OK0J1R73'),(90,8,'1995-11-11 00:00:00','女','前端工程师','嘿嘿','upload/1542432071602.jpg','DKIO3XK9BNHJYY3E2 2I20V72QU0I6EC70GE ILL3TBYA30RFW','A2BWCNOFWSE XMJGPG8P'),(91,80,'1995-11-11 00:00:00','女','前端工程师','嘿嘿','upload/1542432071602.jpg','AOEI55F1SQE9CRTBTRJTEHV14SMH856BY34VEX C2X7BXO 1FR','5US4EYRVR0CG9A2S1WJO'),(92,66,'1995-11-11 00:00:00','女','前端工程师','嘿嘿','upload/1542432071602.jpg','3SRXY6AWRGABT7LX04HCC57CAP6XX8SBP7B TXTM3G9B0U0JF6','O7MO2TRX231UX8OW3UKT'),(93,24,'1995-11-11 00:00:00','女','前端工程师','嘿嘿','upload/1542432071602.jpg','QRKXEF7QJTCY0EGNB3YG9 95D1AB42GCXEY5502QMOT3 1CD7D','JE2EDIK H6O50G73J KT'),(94,92,'1995-11-11 00:00:00','女','前端工程师','嘿嘿','upload/1542432071602.jpg','7VF2FG16XWE61K TIAPRTX6BONRA0OICNGEAI5NEDTR9PF U3B','WVCB1E72YENMUAN G5XT'),(95,96,'1995-11-11 00:00:00','女','交互设计师','嘿嘿','upload/1542432071602.jpg','6MIKBMCLJ9NKT7Y9EVRWV FETPS61895G7WKQQLSA3 BW2DHA7','MT0BMP4CC+P5CVXL6YIW'),(96,29,'1995-11-11 00:00:00','女','前端工程师','嘿嘿','upload/1542432071602.jpg','7C2J4KC0G VBSXGF87STC0E32IXWA0B VD1VI59FB8NLQ42HAX','LYB95K+61DM+OAHJC+WD'),(97,80,'1995-11-11 00:00:00','女','前端工程师','嘿嘿','upload/1542432071602.jpg','7YR6X2TQDIMWEV17TBNYC5DOMHAS3CW6JDN4JIPY9NXF BINYG','7FQG6I1LI63IRE7D0A0S'),(98,93,'1995-11-11 00:00:00','女','前端工程师','嘿嘿','upload/1542432071602.jpg','7L64P6F5O  U2GBNP3MTQDRCL0J GQ70WAUU1EAVHM7WUM2XMR','6NLQH4IBSNW2XFHL9R4Q'),(99,16,'1995-11-11 00:00:00','女','前端工程师','嘿嘿','upload/1542432071602.jpg','238RTXICY64DRQR404TXM1WANEY852XML354S3VSDQ82CHHH9X','TSBMLMAKAP9L0I8J1UJ3'),(100,23,'1994-03-15 00:00:00','男','资深数据开发工程师','miskai','upload/1542432071602.jpg','今天天气不好','2333'),(101,23,'1997-06-04 00:00:00','女','算法专家','小黑','upload/1542432071602.jpg','你好啊','2333'),(102,23,'1994-03-15 00:00:00','男','交互设计师','方法','upload/1542432071602.jpg','2222','333'),(103,23,'1994-03-15 00:00:00','女','前端工程师','黑子','upload/1542432071602.jpg','one two three','123'),(104,23,'1994-03-15 00:00:00','女','视觉设计师','Aimer','upload/1542432071602.jpg','1 2 3','321'),(105,23,'1994-03-15 00:00:00','女','交互设计师','dida','upload/1542432071602.jpg','3333','222'),(106,23,'1994-03-15 00:00:00','男','ui设计师','xx','upload/1542432071602.jpg','',''),(107,23,'1994-03-15 00:00:00','女','算法专家','大神','upload/1542432071602.jpg','山东省','aa'),(108,23,'2018-11-18 00:00:00','女','交互设计师','12','upload/1542432071602.jpg','123 ','233'),(109,23,'2018-11-24 00:00:00','女','视觉设计师','爱衣','upload/1542432071602.jpg','艾莉','123');
/*!40000 ALTER TABLE `user` ENABLE KEYS */;
UNLOCK TABLES;
/*!40103 SET TIME_ZONE=@OLD_TIME_ZONE */;

/*!40101 SET SQL_MODE=@OLD_SQL_MODE */;
/*!40014 SET FOREIGN_KEY_CHECKS=@OLD_FOREIGN_KEY_CHECKS */;
/*!40014 SET UNIQUE_CHECKS=@OLD_UNIQUE_CHECKS */;
/*!40101 SET CHARACTER_SET_CLIENT=@OLD_CHARACTER_SET_CLIENT */;
/*!40101 SET CHARACTER_SET_RESULTS=@OLD_CHARACTER_SET_RESULTS */;
/*!40101 SET COLLATION_CONNECTION=@OLD_COLLATION_CONNECTION */;
/*!40111 SET SQL_NOTES=@OLD_SQL_NOTES */;

-- Dump completed on 2018-11-28  9:14:39
